entity_id,state,last_changed
light.esp1light,on,2025-12-21T15:51:47.515Z
light.esp1light,off,2025-12-21T15:54:33.470Z
light.esp1light,on,2025-12-21T16:06:12.529Z
light.esp1light,off,2025-12-21T16:07:55.448Z
light.esp1light,on,2025-12-21T16:09:02.516Z
light.esp1light,off,2025-12-21T16:11:35.459Z
light.esp1light,on,2025-12-21T16:17:58.518Z
light.esp1light,off,2025-12-21T16:20:03.461Z
light.esp1light,on,2025-12-21T16:21:09.520Z
light.esp1light,off,2025-12-21T16:21:46.448Z
light.esp1light,on,2025-12-21T16:28:34.529Z
light.esp1light,off,2025-12-21T16:33:55.468Z
light.esp1light,on,2025-12-21T16:43:20.534Z
light.esp1light,off,2025-12-21T16:49:04.467Z
light.esp1light,on,2025-12-21T16:49:37.535Z
light.esp1light,off,2025-12-21T16:50:28.457Z
light.esp1light,on,2025-12-21T16:51:15.506Z
light.esp1light,off,2025-12-21T17:06:44.456Z
light.esp1light,on,2025-12-21T17:07:15.526Z
light.esp1light,off,2025-12-21T17:07:46.458Z
light.esp1light,on,2025-12-21T17:11:11.542Z
light.esp1light,off,2025-12-21T17:11:56.445Z
light.esp1light,on,2025-12-21T17:13:49.644Z
light.esp1light,off,2025-12-21T17:14:51.476Z
light.esp1light,on,2025-12-21T17:18:06.527Z
light.esp1light,off,2025-12-21T17:20:07.448Z
light.esp1light,on,2025-12-21T17:20:53.538Z
light.esp1light,off,2025-12-21T17:25:13.472Z
light.esp1light,on,2025-12-21T17:31:15.520Z
light.esp1light,off,2025-12-21T17:33:54.461Z
light.esp1light,on,2025-12-21T17:40:09.538Z
light.esp1light,off,2025-12-21T17:42:51.462Z
light.esp1light,on,2025-12-21T17:46:01.533Z
light.esp1light,off,2025-12-21T17:49:09.453Z
light.esp1light,on,2025-12-21T17:52:41.525Z
light.esp1light,off,2025-12-21T17:55:07.458Z
light.esp1light,on,2025-12-21T17:56:42.527Z
light.esp1light,off,2025-12-21T18:03:32.459Z
light.esp1light,on,2025-12-21T18:05:47.514Z
light.esp1light,off,2025-12-21T18:15:15.449Z
light.esp1light,on,2025-12-21T18:15:56.517Z
light.esp1light,off,2025-12-21T18:16:13.459Z
light.esp1light,on,2025-12-21T18:17:18.545Z
light.esp1light,off,2025-12-21T18:17:19.574Z
light.esp1light,on,2025-12-21T18:17:51.534Z
light.esp1light,off,2025-12-21T18:25:07.469Z
light.esp1light,on,2025-12-21T18:26:31.507Z
light.esp1light,off,2025-12-21T18:28:41.469Z
light.esp1light,on,2025-12-21T18:29:17.535Z
light.esp1light,off,2025-12-21T18:32:18.480Z
light.esp1light,on,2025-12-21T18:37:37.536Z
light.esp1light,off,2025-12-21T18:42:10.453Z
light.esp1light,on,2025-12-21T18:43:38.519Z
light.esp1light,off,2025-12-21T18:48:50.461Z
light.esp1light,on,2025-12-21T18:50:07.512Z
light.esp1light,off,2025-12-21T18:51:57.452Z
light.esp1light,on,2025-12-21T18:52:46.515Z
light.esp1light,off,2025-12-21T19:03:05.464Z
light.esp1light,on,2025-12-21T19:07:37.522Z
light.esp1light,off,2025-12-21T19:10:39.724Z
light.esp1light,on,2025-12-21T19:18:25.525Z
light.esp1light,off,2025-12-21T19:22:09.477Z
light.esp1light,on,2025-12-21T19:23:20.526Z
light.esp1light,off,2025-12-21T19:24:38.468Z
light.esp1light,on,2025-12-21T19:26:05.523Z
light.esp1light,off,2025-12-21T19:28:32.468Z
light.esp1light,on,2025-12-21T19:28:42.515Z
light.esp1light,off,2025-12-21T19:29:19.467Z
light.esp1light,on,2025-12-21T19:51:03.519Z
light.esp1light,off,2025-12-21T20:02:17.452Z
light.esp1light,on,2025-12-21T20:03:17.537Z
light.esp1light,off,2025-12-21T20:05:19.695Z
light.esp1light,on,2025-12-21T20:11:53.533Z
light.esp1light,off,2025-12-21T20:16:18.466Z
light.esp1light,on,2025-12-21T20:18:01.512Z
light.esp1light,off,2025-12-21T20:26:23.462Z
light.esp1light,on,2025-12-21T20:27:06.544Z
light.esp1light,off,2025-12-21T20:28:03.457Z
light.esp1light,on,2025-12-21T20:33:38.543Z
light.esp1light,off,2025-12-21T20:34:07.465Z
light.esp1light,on,2025-12-21T20:34:44.522Z
light.esp1light,off,2025-12-21T20:34:45.573Z
light.esp1light,on,2025-12-21T20:36:13.543Z
light.esp1light,off,2025-12-21T20:41:10.466Z
light.esp1light,on,2025-12-21T20:43:08.522Z
light.esp1light,off,2025-12-21T20:44:06.466Z
light.esp1light,on,2025-12-21T20:49:34.511Z
light.esp1light,off,2025-12-21T20:52:17.474Z
light.esp1light,on,2025-12-21T20:54:01.511Z
light.esp1light,off,2025-12-21T21:07:09.457Z
light.esp1light,on,2025-12-21T21:08:35.523Z
light.esp1light,off,2025-12-21T21:10:51.466Z
light.esp1light,on,2025-12-21T21:11:36.524Z
light.esp1light,off,2025-12-21T21:17:14.467Z
light.esp1light,on,2025-12-21T21:18:11.520Z
light.esp1light,off,2025-12-21T21:24:57.446Z
light.esp1light,on,2025-12-21T21:26:51.509Z
light.esp1light,off,2025-12-21T21:27:12.467Z
light.esp1light,on,2025-12-21T21:31:48.513Z
light.esp1light,off,2025-12-21T21:39:49.461Z
light.esp1light,on,2025-12-21T21:41:24.537Z
light.esp1light,off,2025-12-21T21:46:45.460Z
light.esp1light,on,2025-12-21T21:50:47.549Z
light.esp1light,off,2025-12-21T22:01:31.458Z
light.esp1light,on,2025-12-21T22:04:00.517Z
light.esp1light,off,2025-12-21T22:04:21.437Z
light.esp1light,on,2025-12-21T22:08:30.577Z
light.esp1light,off,2025-12-21T22:08:59.445Z
light.esp1light,on,2025-12-21T22:15:15.561Z
light.esp1light,off,2025-12-21T22:16:14.463Z
light.esp1light,on,2025-12-21T22:16:47.507Z
light.esp1light,off,2025-12-21T22:19:27.459Z
light.esp1light,on,2025-12-21T22:20:35.525Z
light.esp1light,off,2025-12-21T22:27:53.443Z
light.esp1light,on,2025-12-21T22:31:20.528Z
light.esp1light,off,2025-12-21T22:32:56.460Z
light.esp1light,on,2025-12-21T22:34:47.526Z
light.esp1light,off,2025-12-21T22:35:28.469Z
light.esp1light,on,2025-12-21T22:39:12.527Z
light.esp1light,off,2025-12-21T22:39:59.440Z
light.esp1light,on,2025-12-21T22:44:31.545Z
light.esp1light,off,2025-12-21T22:45:40.460Z
light.esp1light,on,2025-12-21T22:46:27.508Z
light.esp1light,off,2025-12-21T22:50:45.455Z
light.esp1light,on,2025-12-21T22:53:24.534Z
light.esp1light,off,2025-12-21T22:54:53.457Z
light.esp1light,on,2025-12-21T22:55:18.526Z
light.esp1light,off,2025-12-21T22:58:10.442Z
light.esp1light,on,2025-12-21T23:03:31.509Z
light.esp1light,off,2025-12-21T23:06:39.464Z
light.esp1light,on,2025-12-21T23:06:40.633Z
light.esp1light,off,2025-12-21T23:14:57.453Z
light.esp1light,on,2025-12-21T23:18:34.515Z
light.esp1light,off,2025-12-21T23:21:38.454Z
light.esp1light,on,2025-12-21T23:26:23.520Z
light.esp1light,off,2025-12-21T23:27:24.453Z
light.esp1light,on,2025-12-21T23:33:30.502Z
light.esp1light,off,2025-12-21T23:34:38.451Z
light.esp1light,on,2025-12-21T23:39:02.537Z
light.esp1light,off,2025-12-21T23:43:56.469Z
light.esp1light,on,2025-12-21T23:47:56.507Z
light.esp1light,off,2025-12-21T23:48:10.459Z
light.esp1light,on,2025-12-21T23:55:02.538Z
light.esp1light,off,2025-12-21T23:59:35.458Z
light.esp1light,on,2025-12-22T00:08:02.531Z
light.esp1light,off,2025-12-22T00:17:38.458Z
light.esp1light,on,2025-12-22T00:20:28.507Z
light.esp1light,off,2025-12-22T00:20:51.447Z
light.esp1light,on,2025-12-22T00:37:44.510Z
light.esp1light,off,2025-12-22T00:40:46.494Z
light.esp1light,on,2025-12-22T00:42:16.532Z
light.esp1light,off,2025-12-22T00:47:36.464Z
light.esp1light,on,2025-12-22T00:52:05.512Z
light.esp1light,off,2025-12-22T00:53:07.646Z
light.esp1light,on,2025-12-22T00:55:50.516Z
light.esp1light,off,2025-12-22T00:58:23.448Z
light.esp1light,on,2025-12-22T00:58:50.544Z
light.esp1light,off,2025-12-22T01:00:20.450Z
light.esp1light,on,2025-12-22T01:06:11.529Z
light.esp1light,off,2025-12-22T01:10:20.464Z
light.esp1light,on,2025-12-22T01:11:20.542Z
light.esp1light,off,2025-12-22T01:14:48.451Z
light.esp1light,on,2025-12-22T01:18:39.531Z
light.esp1light,off,2025-12-22T01:19:26.466Z
light.esp1light,on,2025-12-22T01:19:44.514Z
light.esp1light,off,2025-12-22T01:24:40.469Z
light.esp1light,on,2025-12-22T01:30:07.523Z
light.esp1light,off,2025-12-22T01:36:55.457Z
light.esp1light,on,2025-12-22T01:38:23.504Z
light.esp1light,off,2025-12-22T01:38:42.467Z
light.esp1light,on,2025-12-22T01:40:34.515Z
light.esp1light,off,2025-12-22T01:54:38.459Z
light.esp1light,on,2025-12-22T02:01:26.506Z
light.esp1light,off,2025-12-22T02:06:33.470Z
light.esp1light,on,2025-12-22T02:09:21.518Z
light.esp1light,off,2025-12-22T02:10:23.459Z
light.esp1light,on,2025-12-22T02:10:53.548Z
light.esp1light,off,2025-12-22T02:12:58.459Z
light.esp1light,on,2025-12-22T02:16:31.539Z
light.esp1light,off,2025-12-22T02:16:45.465Z
light.esp1light,on,2025-12-22T02:17:48.525Z
light.esp1light,off,2025-12-22T02:17:55.462Z
light.esp1light,on,2025-12-22T02:22:15.551Z
light.esp1light,off,2025-12-22T02:24:01.445Z
light.esp1light,on,2025-12-22T02:30:28.522Z
light.esp1light,off,2025-12-22T02:41:34.453Z
light.esp1light,on,2025-12-22T02:42:05.523Z
light.esp1light,off,2025-12-22T02:47:16.446Z
light.esp1light,on,2025-12-22T02:49:46.505Z
light.esp1light,off,2025-12-22T02:51:28.468Z
light.esp1light,on,2025-12-22T02:55:14.515Z
light.esp1light,off,2025-12-22T02:57:07.450Z
light.esp1light,on,2025-12-22T03:02:10.515Z
light.esp1light,off,2025-12-22T03:04:38.473Z
light.esp1light,on,2025-12-22T03:05:56.531Z
light.esp1light,off,2025-12-22T03:06:29.474Z
light.esp1light,on,2025-12-22T03:10:02.511Z
light.esp1light,off,2025-12-22T03:11:31.454Z
light.esp1light,on,2025-12-22T03:12:39.509Z
light.esp1light,off,2025-12-22T03:19:47.474Z
light.esp1light,on,2025-12-22T03:21:56.544Z
light.esp1light,off,2025-12-22T03:22:12.466Z
light.esp1light,on,2025-12-22T03:23:38.523Z
light.esp1light,off,2025-12-22T03:26:07.467Z
light.esp1light,on,2025-12-22T03:27:13.520Z
light.esp1light,off,2025-12-22T03:28:54.486Z
light.esp1light,on,2025-12-22T03:29:13.575Z
light.esp1light,off,2025-12-22T03:33:53.457Z
light.esp1light,on,2025-12-22T03:40:48.526Z
light.esp1light,off,2025-12-22T03:45:33.450Z
light.esp2light,on,2025-12-21T15:52:22.543Z
light.esp2light,off,2025-12-21T15:54:12.492Z
light.esp2light,on,2025-12-21T15:58:09.550Z
light.esp2light,off,2025-12-21T15:58:52.493Z
light.esp2light,on,2025-12-21T15:59:20.530Z
light.esp2light,off,2025-12-21T16:04:59.454Z
light.esp2light,on,2025-12-21T16:14:18.531Z
light.esp2light,off,2025-12-21T16:16:07.452Z
light.esp2light,on,2025-12-21T16:17:14.527Z
light.esp2light,off,2025-12-21T16:17:49.467Z
light.esp2light,on,2025-12-21T16:19:30.518Z
light.esp2light,off,2025-12-21T16:25:10.498Z
light.esp2light,on,2025-12-21T16:26:50.512Z
light.esp2light,off,2025-12-21T16:26:56.447Z
light.esp2light,on,2025-12-21T16:29:03.527Z
light.esp2light,off,2025-12-21T16:31:26.461Z
light.esp2light,on,2025-12-21T16:32:20.523Z
light.esp2light,off,2025-12-21T16:38:24.464Z
light.esp2light,on,2025-12-21T16:39:47.510Z
light.esp2light,off,2025-12-21T16:45:58.453Z
light.esp2light,on,2025-12-21T16:46:54.528Z
light.esp2light,off,2025-12-21T16:50:23.469Z
light.esp2light,on,2025-12-21T16:55:19.546Z
light.esp2light,off,2025-12-21T16:57:07.486Z
light.esp2light,on,2025-12-21T17:02:51.543Z
light.esp2light,off,2025-12-21T17:04:45.446Z
light.esp2light,on,2025-12-21T17:09:27.554Z
light.esp2light,off,2025-12-21T17:11:25.468Z
light.esp2light,on,2025-12-21T17:23:59.513Z
light.esp2light,off,2025-12-21T17:28:39.450Z
light.esp2light,on,2025-12-21T17:33:21.530Z
light.esp2light,off,2025-12-21T17:35:22.449Z
light.esp2light,on,2025-12-21T17:38:11.515Z
light.esp2light,off,2025-12-21T17:41:47.468Z
light.esp2light,on,2025-12-21T17:45:32.535Z
light.esp2light,off,2025-12-21T17:47:30.456Z
light.esp2light,on,2025-12-21T18:07:09.505Z
light.esp2light,off,2025-12-21T18:07:49.467Z
light.esp2light,on,2025-12-21T18:08:21.512Z
light.esp2light,off,2025-12-21T18:09:19.458Z
light.esp2light,on,2025-12-21T18:09:35.535Z
light.esp2light,off,2025-12-21T18:10:30.446Z
light.esp2light,on,2025-12-21T18:11:25.520Z
light.esp2light,off,2025-12-21T18:13:29.463Z
light.esp2light,on,2025-12-21T18:13:37.564Z
light.esp2light,off,2025-12-21T18:19:38.511Z
light.esp2light,on,2025-12-21T18:20:02.529Z
light.esp2light,off,2025-12-21T18:24:07.458Z
light.esp2light,on,2025-12-21T18:30:45.535Z
light.esp2light,off,2025-12-21T18:31:45.454Z
light.esp2light,on,2025-12-21T18:32:41.532Z
light.esp2light,off,2025-12-21T18:51:08.456Z
light.esp2light,on,2025-12-21T18:54:07.522Z
light.esp2light,off,2025-12-21T18:56:26.454Z
light.esp2light,on,2025-12-21T18:57:52.531Z
light.esp2light,off,2025-12-21T19:03:26.462Z
light.esp2light,on,2025-12-21T19:07:29.523Z
light.esp2light,off,2025-12-21T19:11:09.478Z
light.esp2light,on,2025-12-21T19:13:10.638Z
light.esp2light,off,2025-12-21T19:13:29.445Z
light.esp2light,on,2025-12-21T19:18:10.523Z
light.esp2light,off,2025-12-21T19:23:24.514Z
light.esp2light,on,2025-12-21T19:24:35.511Z
light.esp2light,off,2025-12-21T19:29:44.451Z
light.esp2light,on,2025-12-21T19:31:58.528Z
light.esp2light,off,2025-12-21T19:36:40.464Z
light.esp2light,on,2025-12-21T19:39:30.524Z
light.esp2light,off,2025-12-21T19:40:59.452Z
light.esp2light,on,2025-12-21T19:42:13.521Z
light.esp2light,off,2025-12-21T19:43:13.453Z
light.esp2light,on,2025-12-21T19:46:51.557Z
light.esp2light,off,2025-12-21T19:51:30.474Z
light.esp2light,on,2025-12-21T19:52:25.525Z
light.esp2light,off,2025-12-21T19:53:46.442Z
light.esp2light,on,2025-12-21T19:59:07.530Z
light.esp2light,off,2025-12-21T20:00:17.450Z
light.esp2light,on,2025-12-21T20:04:46.537Z
light.esp2light,off,2025-12-21T20:12:57.463Z
light.esp2light,on,2025-12-21T20:15:35.521Z
light.esp2light,off,2025-12-21T20:16:48.462Z
light.esp2light,on,2025-12-21T20:19:43.527Z
light.esp2light,off,2025-12-21T20:27:34.466Z
light.esp2light,on,2025-12-21T20:36:29.529Z
light.esp2light,off,2025-12-21T20:38:47.456Z
light.esp2light,on,2025-12-21T20:40:26.516Z
light.esp2light,off,2025-12-21T20:41:03.468Z
light.esp2light,on,2025-12-21T20:42:02.536Z
light.esp2light,off,2025-12-21T20:46:50.513Z
light.esp2light,on,2025-12-21T20:55:33.542Z
light.esp2light,off,2025-12-21T21:03:54.957Z
light.esp2light,on,2025-12-21T21:04:29.964Z
light.esp2light,off,2025-12-21T21:09:56.890Z
light.esp2light,on,2025-12-21T21:16:20.625Z
light.esp2light,off,2025-12-21T21:18:16.575Z
light.esp2light,on,2025-12-21T21:18:52.608Z
light.esp2light,off,2025-12-21T21:20:50.501Z
light.esp2light,on,2025-12-21T21:22:18.643Z
light.esp2light,off,2025-12-21T21:25:15.477Z
light.esp2light,on,2025-12-21T21:26:58.574Z
light.esp2light,off,2025-12-21T21:28:44.487Z
light.esp2light,on,2025-12-21T21:30:59.595Z
light.esp2light,off,2025-12-21T21:34:11.559Z
light.esp2light,on,2025-12-21T21:34:37.574Z
light.esp2light,off,2025-12-21T21:38:23.537Z
light.esp2light,on,2025-12-21T21:46:26.580Z
light.esp2light,off,2025-12-21T21:48:38.483Z
light.esp2light,on,2025-12-21T21:49:02.577Z
light.esp2light,off,2025-12-21T21:50:31.479Z
light.esp2light,on,2025-12-21T21:58:44.609Z
light.esp2light,off,2025-12-21T22:00:22.561Z
light.esp2light,on,2025-12-21T22:06:42.581Z
light.esp2light,off,2025-12-21T22:12:30.515Z
light.esp2light,on,2025-12-21T22:14:23.585Z
light.esp2light,off,2025-12-21T22:16:27.518Z
light.esp2light,on,2025-12-21T22:18:20.785Z
light.esp2light,off,2025-12-21T22:22:30.547Z
light.esp2light,on,2025-12-21T22:22:40.582Z
light.esp2light,off,2025-12-21T22:26:44.347Z
light.esp2light,on,2025-12-21T22:26:58.617Z
light.esp2light,off,2025-12-21T22:28:57.514Z
light.esp2light,on,2025-12-21T22:34:05.600Z
light.esp2light,off,2025-12-21T22:40:18.523Z
light.esp2light,on,2025-12-21T22:44:05.588Z
light.esp2light,off,2025-12-21T22:45:21.512Z
light.esp2light,on,2025-12-21T22:45:49.589Z
light.esp2light,off,2025-12-21T22:46:29.512Z
light.esp2light,on,2025-12-21T22:49:09.583Z
light.esp2light,off,2025-12-21T22:49:58.532Z
light.esp2light,on,2025-12-21T22:52:39.552Z
light.esp2light,off,2025-12-21T22:53:04.527Z
light.esp2light,on,2025-12-21T22:53:05.657Z
light.esp2light,off,2025-12-21T23:02:49.522Z
light.esp2light,on,2025-12-21T23:03:01.606Z
light.esp2light,off,2025-12-21T23:10:06.531Z
light.esp2light,on,2025-12-21T23:15:36.590Z
light.esp2light,off,2025-12-21T23:23:53.515Z
light.esp2light,on,2025-12-21T23:24:51.558Z
light.esp2light,off,2025-12-21T23:25:04.522Z
light.esp2light,on,2025-12-21T23:27:53.585Z
light.esp2light,off,2025-12-21T23:30:52.524Z
light.esp2light,on,2025-12-21T23:33:16.620Z
light.esp2light,off,2025-12-21T23:34:46.511Z
light.esp2light,on,2025-12-21T23:42:57.589Z
light.esp2light,off,2025-12-21T23:45:13.501Z
light.esp2light,on,2025-12-22T00:11:27.665Z
light.esp2light,off,2025-12-22T00:12:14.517Z
light.esp2light,on,2025-12-22T00:19:10.587Z
light.esp2light,off,2025-12-22T00:23:21.507Z
light.esp2light,on,2025-12-22T00:32:31.600Z
light.esp2light,off,2025-12-22T00:38:45.502Z
light.esp2light,on,2025-12-22T00:40:48.590Z
light.esp2light,off,2025-12-22T00:50:01.523Z
light.esp2light,on,2025-12-22T00:51:05.575Z
light.esp2light,off,2025-12-22T00:56:07.527Z
light.esp2light,on,2025-12-22T00:56:34.563Z
light.esp2light,off,2025-12-22T00:57:38.565Z
light.esp2light,on,2025-12-22T00:57:52.583Z
light.esp2light,off,2025-12-22T01:02:10.537Z
light.esp2light,on,2025-12-22T01:03:25.574Z
light.esp2light,off,2025-12-22T01:03:53.538Z
light.esp2light,on,2025-12-22T01:04:39.585Z
light.esp2light,off,2025-12-22T01:14:30.498Z
light.esp2light,on,2025-12-22T01:15:55.588Z
light.esp2light,off,2025-12-22T01:17:28.510Z
light.esp2light,on,2025-12-22T01:17:46.588Z
light.esp2light,off,2025-12-22T01:20:42.512Z
light.esp2light,on,2025-12-22T01:20:53.641Z
light.esp2light,off,2025-12-22T01:23:07.532Z
light.esp2light,on,2025-12-22T01:40:53.586Z
light.esp2light,off,2025-12-22T01:42:18.530Z
light.esp2light,on,2025-12-22T01:44:19.682Z
light.esp2light,off,2025-12-22T01:47:44.528Z
light.esp2light,on,2025-12-22T01:48:44.677Z
light.esp2light,off,2025-12-22T01:55:15.611Z
light.esp2light,on,2025-12-22T01:55:37.545Z
light.esp2light,off,2025-12-22T02:00:11.507Z
light.esp2light,on,2025-12-22T02:06:50.576Z
light.esp2light,off,2025-12-22T02:08:18.492Z
light.esp2light,on,2025-12-22T02:17:55.641Z
light.esp2light,off,2025-12-22T02:23:36.483Z
light.esp2light,on,2025-12-22T02:30:24.555Z
light.esp2light,off,2025-12-22T02:30:31.510Z
light.esp2light,on,2025-12-22T02:34:13.577Z
light.esp2light,off,2025-12-22T02:40:30.503Z
light.esp2light,on,2025-12-22T02:58:54.586Z
light.esp2light,off,2025-12-22T03:01:00.531Z
light.esp2light,on,2025-12-22T03:06:19.608Z
light.esp2light,off,2025-12-22T03:07:25.509Z
light.esp2light,on,2025-12-22T03:12:17.589Z
light.esp2light,off,2025-12-22T03:15:51.509Z
light.esp2light,on,2025-12-22T03:23:15.587Z
light.esp2light,off,2025-12-22T03:30:06.501Z
light.esp2light,on,2025-12-22T03:33:36.629Z
light.esp2light,off,2025-12-22T03:45:11.512Z
light.esp2light,on,2025-12-22T03:48:55.571Z
light.esp3light,on,2025-12-21T15:54:22.520Z
light.esp3light,off,2025-12-21T16:00:05.457Z
light.esp3light,on,2025-12-21T16:00:47.516Z
light.esp3light,off,2025-12-21T16:01:10.469Z
light.esp3light,on,2025-12-21T16:15:29.548Z
light.esp3light,off,2025-12-21T16:19:55.490Z
light.esp3light,on,2025-12-21T16:22:15.505Z
light.esp3light,off,2025-12-21T16:22:43.453Z
light.esp3light,on,2025-12-21T16:26:14.530Z
light.esp3light,off,2025-12-21T16:33:37.463Z
light.esp3light,on,2025-12-21T16:35:49.550Z
light.esp3light,off,2025-12-21T16:37:24.460Z
light.esp3light,on,2025-12-21T16:40:34.537Z
light.esp3light,off,2025-12-21T16:45:17.452Z
light.esp3light,on,2025-12-21T17:02:23.556Z
light.esp3light,off,2025-12-21T17:03:16.459Z
light.esp3light,on,2025-12-21T17:07:25.528Z
light.esp3light,off,2025-12-21T17:13:51.467Z
light.esp3light,on,2025-12-21T17:20:45.522Z
light.esp3light,off,2025-12-21T17:25:06.489Z
light.esp3light,on,2025-12-21T17:34:43.525Z
light.esp3light,off,2025-12-21T17:35:58.456Z
light.esp3light,on,2025-12-21T17:42:39.527Z
light.esp3light,off,2025-12-21T17:45:07.476Z
light.esp3light,on,2025-12-21T17:58:17.526Z
light.esp3light,off,2025-12-21T18:04:32.458Z
light.esp3light,on,2025-12-21T18:06:23.512Z
light.esp3light,off,2025-12-21T18:06:43.454Z
light.esp3light,on,2025-12-21T18:11:43.514Z
light.esp3light,off,2025-12-21T18:12:01.452Z
light.esp3light,on,2025-12-21T18:21:18.541Z
light.esp3light,off,2025-12-21T18:22:18.442Z
light.esp3light,on,2025-12-21T18:24:49.531Z
light.esp3light,off,2025-12-21T18:31:10.472Z
light.esp3light,on,2025-12-21T18:33:57.610Z
light.esp3light,off,2025-12-21T18:41:28.464Z
light.esp3light,on,2025-12-21T18:42:32.543Z
light.esp3light,off,2025-12-21T18:42:50.455Z
light.esp3light,on,2025-12-21T18:45:54.516Z
light.esp3light,off,2025-12-21T18:53:18.462Z
light.esp3light,on,2025-12-21T18:58:50.530Z
light.esp3light,off,2025-12-21T18:59:00.462Z
light.esp3light,on,2025-12-21T18:59:20.541Z
light.esp3light,off,2025-12-21T19:08:10.450Z
light.esp3light,on,2025-12-21T19:09:14.549Z
light.esp3light,off,2025-12-21T19:16:39.463Z
light.esp3light,on,2025-12-21T19:17:16.541Z
light.esp3light,off,2025-12-21T19:19:55.469Z
light.esp3light,on,2025-12-21T19:27:15.521Z
light.esp3light,off,2025-12-21T19:32:00.472Z
light.esp3light,on,2025-12-21T19:34:51.530Z
light.esp3light,off,2025-12-21T19:42:21.531Z
light.esp3light,on,2025-12-21T19:50:28.520Z
light.esp3light,off,2025-12-21T19:53:07.461Z
light.esp3light,on,2025-12-21T19:53:25.531Z
light.esp3light,off,2025-12-21T20:06:27.465Z
light.esp3light,on,2025-12-21T20:08:28.636Z
light.esp3light,off,2025-12-21T20:08:46.465Z
light.esp3light,on,2025-12-21T20:11:12.533Z
light.esp3light,off,2025-12-21T20:18:22.456Z
light.esp3light,on,2025-12-21T20:19:06.551Z
light.esp3light,off,2025-12-21T20:21:38.463Z
light.esp3light,on,2025-12-21T20:22:01.541Z
light.esp3light,off,2025-12-21T20:23:12.453Z
light.esp3light,on,2025-12-21T20:23:37.541Z
light.esp3light,off,2025-12-21T20:28:37.462Z
light.esp3light,on,2025-12-21T20:29:00.517Z
light.esp3light,off,2025-12-21T20:32:08.451Z
light.esp3light,on,2025-12-21T20:37:45.530Z
light.esp3light,off,2025-12-21T20:38:08.450Z
light.esp3light,on,2025-12-21T20:38:23.508Z
light.esp3light,off,2025-12-21T20:39:34.481Z
light.esp3light,on,2025-12-21T20:47:09.578Z
light.esp3light,off,2025-12-21T20:51:00.461Z
light.esp3light,on,2025-12-21T20:53:39.506Z
light.esp3light,off,2025-12-21T20:55:19.468Z
light.esp3light,on,2025-12-21T20:57:49.516Z
light.esp3light,off,2025-12-21T20:59:03.498Z
light.esp3light,on,2025-12-21T21:00:18.536Z
light.esp3light,off,2025-12-21T21:00:43.529Z
light.esp3light,on,2025-12-21T21:05:49.516Z
light.esp3light,off,2025-12-21T21:12:44.496Z
light.esp3light,on,2025-12-21T21:18:19.525Z
light.esp3light,off,2025-12-21T21:25:53.487Z
light.esp3light,on,2025-12-21T21:28:39.516Z
light.esp3light,off,2025-12-21T21:37:51.467Z
light.esp3light,on,2025-12-21T21:40:13.546Z
light.esp3light,off,2025-12-21T21:40:20.467Z
light.esp3light,on,2025-12-21T21:45:23.526Z
light.esp3light,off,2025-12-21T21:45:47.454Z
light.esp3light,on,2025-12-21T22:02:55.532Z
light.esp3light,off,2025-12-21T22:03:14.453Z
light.esp3light,on,2025-12-21T22:06:26.520Z
light.esp3light,off,2025-12-21T22:08:42.487Z
light.esp3light,on,2025-12-21T22:09:56.511Z
light.esp3light,off,2025-12-21T22:12:58.725Z
light.esp3light,on,2025-12-21T22:18:54.527Z
light.esp3light,off,2025-12-21T22:24:09.453Z
light.esp3light,on,2025-12-21T22:24:37.526Z
light.esp3light,off,2025-12-21T22:29:26.467Z
light.esp3light,on,2025-12-21T22:42:37.529Z
light.esp3light,off,2025-12-21T22:43:07.560Z
light.esp3light,on,2025-12-21T22:43:51.527Z
light.esp3light,off,2025-12-21T22:46:47.463Z
light.esp3light,on,2025-12-21T22:48:46.522Z
light.esp3light,off,2025-12-21T22:53:43.455Z
light.esp3light,on,2025-12-21T22:59:46.516Z
light.esp3light,off,2025-12-21T23:04:15.453Z
light.esp3light,on,2025-12-21T23:13:02.515Z
light.esp3light,off,2025-12-21T23:14:49.453Z
light.esp3light,on,2025-12-21T23:16:13.521Z
light.esp3light,off,2025-12-21T23:19:14.485Z
light.esp3light,on,2025-12-21T23:22:11.504Z
light.esp3light,off,2025-12-21T23:26:32.460Z
light.esp3light,on,2025-12-21T23:29:30.534Z
light.esp3light,off,2025-12-21T23:31:31.450Z
light.esp3light,on,2025-12-21T23:36:30.562Z
light.esp3light,off,2025-12-21T23:37:24.474Z
light.esp3light,on,2025-12-21T23:37:29.529Z
light.esp3light,off,2025-12-21T23:39:26.463Z
light.esp3light,on,2025-12-21T23:42:05.530Z
light.esp3light,off,2025-12-21T23:44:00.462Z
light.esp3light,on,2025-12-21T23:45:17.529Z
light.esp3light,off,2025-12-21T23:50:18.452Z
light.esp3light,on,2025-12-21T23:51:35.540Z
light.esp3light,off,2025-12-21T23:52:49.464Z
light.esp3light,on,2025-12-22T00:04:43.513Z
light.esp3light,off,2025-12-22T00:08:16.445Z
light.esp3light,on,2025-12-22T00:11:52.535Z
light.esp3light,off,2025-12-22T00:14:18.448Z
light.esp3light,on,2025-12-22T00:18:02.547Z
light.esp3light,off,2025-12-22T00:19:40.459Z
light.esp3light,on,2025-12-22T00:24:31.525Z
light.esp3light,off,2025-12-22T00:25:02.467Z
light.esp3light,on,2025-12-22T00:33:14.531Z
light.esp3light,off,2025-12-22T00:39:40.464Z
light.esp3light,on,2025-12-22T00:40:12.570Z
light.esp3light,off,2025-12-22T00:48:29.454Z
light.esp3light,on,2025-12-22T00:49:05.528Z
light.esp3light,off,2025-12-22T00:57:59.485Z
light.esp3light,on,2025-12-22T00:59:11.534Z
light.esp3light,off,2025-12-22T00:59:53.441Z
light.esp3light,on,2025-12-22T01:00:12.545Z
light.esp3light,off,2025-12-22T01:06:17.467Z
light.esp3light,on,2025-12-22T01:08:03.553Z
light.esp3light,off,2025-12-22T01:08:49.460Z
light.esp3light,on,2025-12-22T01:09:13.537Z
light.esp3light,off,2025-12-22T01:11:30.448Z
light.esp3light,on,2025-12-22T01:12:13.516Z
light.esp3light,off,2025-12-22T01:13:32.468Z
light.esp3light,on,2025-12-22T01:20:53.539Z
light.esp3light,off,2025-12-22T01:25:55.492Z
light.esp3light,on,2025-12-22T01:27:46.530Z
light.esp3light,off,2025-12-22T01:31:44.462Z
light.esp3light,on,2025-12-22T01:39:50.528Z
light.esp3light,off,2025-12-22T01:43:23.468Z
light.esp3light,on,2025-12-22T01:48:32.513Z
light.esp3light,off,2025-12-22T01:57:21.484Z
light.esp3light,on,2025-12-22T02:02:34.548Z
light.esp3light,off,2025-12-22T02:03:42.460Z
light.esp3light,on,2025-12-22T02:04:13.514Z
light.esp3light,off,2025-12-22T02:15:15.970Z
light.esp3light,on,2025-12-22T02:21:41.540Z
light.esp3light,off,2025-12-22T02:25:36.473Z
light.esp3light,on,2025-12-22T02:25:46.532Z
light.esp3light,off,2025-12-22T02:27:30.516Z
light.esp3light,on,2025-12-22T02:28:33.522Z
light.esp3light,off,2025-12-22T02:35:20.449Z
light.esp3light,on,2025-12-22T02:37:36.556Z
light.esp3light,off,2025-12-22T02:40:13.451Z
light.esp3light,on,2025-12-22T02:41:48.531Z
light.esp3light,off,2025-12-22T02:42:54.470Z
light.esp3light,on,2025-12-22T02:43:17.522Z
light.esp3light,off,2025-12-22T02:50:19.457Z
light.esp3light,on,2025-12-22T02:54:02.524Z
light.esp3light,off,2025-12-22T02:57:48.452Z
light.esp3light,on,2025-12-22T02:59:23.539Z
light.esp3light,off,2025-12-22T03:04:56.447Z
light.esp3light,on,2025-12-22T03:07:51.528Z
light.esp3light,off,2025-12-22T03:21:35.460Z
light.esp3light,on,2025-12-22T03:23:49.525Z
light.esp3light,off,2025-12-22T03:27:03.461Z
light.esp3light,on,2025-12-22T03:32:47.510Z
light.esp3light,off,2025-12-22T03:38:03.463Z
light.esp3light,on,2025-12-22T03:40:45.516Z
light.esp3light,off,2025-12-22T03:44:21.472Z
light.esp3light,on,2025-12-22T03:47:22.623Z
light.esp3light,off,2025-12-22T03:48:41.463Z
binary_sensor.esp4sensor,on,2025-12-21T16:18:31.569Z
binary_sensor.esp4sensor,off,2025-12-21T16:19:01.555Z
binary_sensor.esp4sensor,on,2025-12-21T16:23:09.080Z
binary_sensor.esp4sensor,off,2025-12-21T16:23:39.069Z
binary_sensor.esp4sensor,on,2025-12-21T16:29:17.751Z
binary_sensor.esp4sensor,off,2025-12-21T16:29:47.750Z
binary_sensor.esp4sensor,on,2025-12-21T16:32:05.879Z
binary_sensor.esp4sensor,off,2025-12-21T16:32:35.868Z
binary_sensor.esp4sensor,on,2025-12-21T16:46:44.794Z
binary_sensor.esp4sensor,off,2025-12-21T16:47:14.764Z
binary_sensor.esp4sensor,on,2025-12-21T16:49:18.653Z
binary_sensor.esp4sensor,off,2025-12-21T16:49:48.657Z
binary_sensor.esp4sensor,on,2025-12-21T16:49:49.376Z
binary_sensor.esp4sensor,off,2025-12-21T16:50:19.393Z
binary_sensor.esp4sensor,on,2025-12-21T16:57:23.351Z
binary_sensor.esp4sensor,off,2025-12-21T16:57:53.344Z
binary_sensor.esp4sensor,on,2025-12-21T17:04:05.295Z
binary_sensor.esp4sensor,off,2025-12-21T17:04:35.295Z
binary_sensor.esp4sensor,on,2025-12-21T17:16:58.656Z
binary_sensor.esp4sensor,off,2025-12-21T17:17:28.658Z
binary_sensor.esp4sensor,on,2025-12-21T17:26:53.236Z
binary_sensor.esp4sensor,off,2025-12-21T17:27:23.250Z
binary_sensor.esp4sensor,on,2025-12-21T17:35:20.659Z
binary_sensor.esp4sensor,off,2025-12-21T17:35:50.679Z
binary_sensor.esp4sensor,on,2025-12-21T17:41:52.556Z
binary_sensor.esp4sensor,off,2025-12-21T17:42:22.542Z
binary_sensor.esp4sensor,on,2025-12-21T17:46:43.145Z
binary_sensor.esp4sensor,off,2025-12-21T17:47:13.164Z
binary_sensor.esp4sensor,on,2025-12-21T17:53:34.853Z
binary_sensor.esp4sensor,off,2025-12-21T17:54:04.874Z
binary_sensor.esp4sensor,on,2025-12-21T17:57:06.324Z
binary_sensor.esp4sensor,off,2025-12-21T17:57:36.325Z
binary_sensor.esp4sensor,on,2025-12-21T17:58:01.975Z
binary_sensor.esp4sensor,off,2025-12-21T17:58:31.974Z
binary_sensor.esp4sensor,on,2025-12-21T18:31:27.555Z
binary_sensor.esp4sensor,off,2025-12-21T18:31:57.566Z
binary_sensor.esp4sensor,on,2025-12-21T18:53:51.321Z
binary_sensor.esp4sensor,off,2025-12-21T18:54:21.299Z
binary_sensor.esp4sensor,on,2025-12-21T19:14:22.621Z
binary_sensor.esp4sensor,off,2025-12-21T19:14:52.612Z
binary_sensor.esp4sensor,on,2025-12-21T19:18:07.839Z
binary_sensor.esp4sensor,off,2025-12-21T19:18:37.847Z
binary_sensor.esp4sensor,on,2025-12-21T19:18:57.774Z
binary_sensor.esp4sensor,off,2025-12-21T19:19:27.763Z
binary_sensor.esp4sensor,on,2025-12-21T19:44:54.795Z
binary_sensor.esp4sensor,off,2025-12-21T19:45:24.795Z
binary_sensor.esp4sensor,on,2025-12-21T20:00:32.850Z
binary_sensor.esp4sensor,off,2025-12-21T20:01:02.843Z
binary_sensor.esp4sensor,on,2025-12-21T20:03:20.612Z
binary_sensor.esp4sensor,off,2025-12-21T20:03:50.601Z
binary_sensor.esp4sensor,on,2025-12-21T20:15:19.514Z
binary_sensor.esp4sensor,off,2025-12-21T20:15:49.502Z
binary_sensor.esp4sensor,on,2025-12-21T20:25:43.150Z
binary_sensor.esp4sensor,off,2025-12-21T20:26:13.121Z
binary_sensor.esp4sensor,on,2025-12-21T20:37:05.223Z
binary_sensor.esp4sensor,off,2025-12-21T20:37:35.200Z
binary_sensor.esp4sensor,on,2025-12-21T20:39:19.443Z
binary_sensor.esp4sensor,off,2025-12-21T20:39:49.451Z
binary_sensor.esp4sensor,on,2025-12-21T20:55:09.724Z
binary_sensor.esp4sensor,off,2025-12-21T20:55:39.712Z
binary_sensor.esp4sensor,on,2025-12-21T20:58:46.943Z
binary_sensor.esp4sensor,off,2025-12-21T20:59:16.942Z
binary_sensor.esp4sensor,on,2025-12-21T21:05:48.782Z
binary_sensor.esp4sensor,off,2025-12-21T21:06:18.802Z
binary_sensor.esp4sensor,on,2025-12-21T21:28:57.326Z
binary_sensor.esp4sensor,off,2025-12-21T21:29:27.345Z
binary_sensor.esp4sensor,on,2025-12-21T21:32:46.048Z
binary_sensor.esp4sensor,off,2025-12-21T21:33:16.047Z
binary_sensor.esp4sensor,on,2025-12-21T21:42:31.208Z
binary_sensor.esp4sensor,off,2025-12-21T21:43:01.201Z
binary_sensor.esp4sensor,on,2025-12-21T21:52:41.618Z
binary_sensor.esp4sensor,off,2025-12-21T21:53:11.610Z
binary_sensor.esp4sensor,on,2025-12-21T21:56:23.201Z
binary_sensor.esp4sensor,off,2025-12-21T21:56:53.202Z
binary_sensor.esp4sensor,on,2025-12-21T22:04:20.975Z
binary_sensor.esp4sensor,off,2025-12-21T22:04:50.968Z
binary_sensor.esp4sensor,on,2025-12-21T22:30:25.119Z
binary_sensor.esp4sensor,off,2025-12-21T22:30:55.119Z
binary_sensor.esp4sensor,on,2025-12-21T22:33:54.746Z
binary_sensor.esp4sensor,off,2025-12-21T22:34:24.727Z
binary_sensor.esp4sensor,on,2025-12-21T22:39:57.736Z
binary_sensor.esp4sensor,off,2025-12-21T22:40:27.726Z
binary_sensor.esp4sensor,on,2025-12-21T22:45:37.729Z
binary_sensor.esp4sensor,off,2025-12-21T22:46:07.730Z
binary_sensor.esp4sensor,on,2025-12-21T22:51:17.273Z
binary_sensor.esp4sensor,off,2025-12-21T22:51:47.263Z
binary_sensor.esp4sensor,on,2025-12-21T23:12:34.761Z
binary_sensor.esp4sensor,off,2025-12-21T23:13:04.777Z
binary_sensor.esp4sensor,on,2025-12-21T23:23:24.298Z
binary_sensor.esp4sensor,off,2025-12-21T23:23:54.285Z
binary_sensor.esp4sensor,on,2025-12-21T23:24:41.713Z
binary_sensor.esp4sensor,off,2025-12-21T23:25:11.714Z
binary_sensor.esp4sensor,on,2025-12-21T23:33:34.664Z
binary_sensor.esp4sensor,off,2025-12-21T23:34:04.676Z
binary_sensor.esp4sensor,on,2025-12-21T23:46:40.015Z
binary_sensor.esp4sensor,off,2025-12-21T23:47:09.998Z
binary_sensor.esp4sensor,on,2025-12-21T23:47:48.236Z
binary_sensor.esp4sensor,off,2025-12-21T23:48:18.236Z
binary_sensor.esp4sensor,on,2025-12-21T23:57:58.599Z
binary_sensor.esp4sensor,off,2025-12-21T23:58:28.598Z
binary_sensor.esp4sensor,on,2025-12-22T00:02:41.299Z
binary_sensor.esp4sensor,off,2025-12-22T00:03:11.299Z
binary_sensor.esp4sensor,on,2025-12-22T00:04:40.180Z
binary_sensor.esp4sensor,off,2025-12-22T00:05:10.189Z
binary_sensor.esp4sensor,on,2025-12-22T00:20:53.246Z
binary_sensor.esp4sensor,off,2025-12-22T00:21:23.229Z
binary_sensor.esp4sensor,on,2025-12-22T00:26:55.818Z
binary_sensor.esp4sensor,off,2025-12-22T00:27:25.810Z
binary_sensor.esp4sensor,on,2025-12-22T00:36:42.110Z
binary_sensor.esp4sensor,off,2025-12-22T00:37:12.100Z
binary_sensor.esp4sensor,on,2025-12-22T00:58:26.726Z
binary_sensor.esp4sensor,off,2025-12-22T00:58:56.725Z
binary_sensor.esp4sensor,on,2025-12-22T01:01:40.467Z
binary_sensor.esp4sensor,off,2025-12-22T01:02:10.479Z
binary_sensor.esp4sensor,on,2025-12-22T01:09:49.690Z
binary_sensor.esp4sensor,off,2025-12-22T01:10:19.700Z
binary_sensor.esp4sensor,on,2025-12-22T01:27:56.194Z
binary_sensor.esp4sensor,off,2025-12-22T01:28:26.183Z
binary_sensor.esp4sensor,on,2025-12-22T01:51:12.164Z
binary_sensor.esp4sensor,off,2025-12-22T01:51:42.147Z
binary_sensor.esp4sensor,on,2025-12-22T02:00:14.162Z
binary_sensor.esp4sensor,off,2025-12-22T02:00:44.165Z
binary_sensor.esp4sensor,on,2025-12-22T02:13:21.660Z
binary_sensor.esp4sensor,off,2025-12-22T02:13:51.668Z
binary_sensor.esp4sensor,on,2025-12-22T02:20:46.929Z
binary_sensor.esp4sensor,off,2025-12-22T02:21:16.910Z
binary_sensor.esp4sensor,on,2025-12-22T02:38:31.069Z
binary_sensor.esp4sensor,off,2025-12-22T02:39:01.079Z
binary_sensor.esp4sensor,on,2025-12-22T02:46:42.995Z
binary_sensor.esp4sensor,off,2025-12-22T02:47:13.005Z
binary_sensor.esp4sensor,on,2025-12-22T03:03:33.289Z
binary_sensor.esp4sensor,off,2025-12-22T03:04:03.270Z
binary_sensor.esp4sensor,on,2025-12-22T03:10:52.760Z
binary_sensor.esp4sensor,off,2025-12-22T03:11:22.761Z
binary_sensor.esp4sensor,on,2025-12-22T03:27:04.033Z
binary_sensor.esp4sensor,off,2025-12-22T03:27:34.045Z
binary_sensor.esp4sensor,on,2025-12-22T03:28:22.953Z
binary_sensor.esp4sensor,off,2025-12-22T03:28:52.954Z
binary_sensor.esp5sensor,on,2025-12-21T15:51:26.216Z
binary_sensor.esp5sensor,off,2025-12-21T15:51:56.232Z
binary_sensor.esp5sensor,on,2025-12-21T16:04:23.883Z
binary_sensor.esp5sensor,off,2025-12-21T16:04:53.895Z
binary_sensor.esp5sensor,on,2025-12-21T16:05:12.463Z
binary_sensor.esp5sensor,off,2025-12-21T16:05:42.494Z
binary_sensor.esp5sensor,on,2025-12-21T16:08:52.755Z
binary_sensor.esp5sensor,off,2025-12-21T16:09:22.775Z
binary_sensor.esp5sensor,on,2025-12-21T16:11:30.258Z
binary_sensor.esp5sensor,off,2025-12-21T16:12:00.278Z
binary_sensor.esp5sensor,on,2025-12-21T16:16:13.260Z
binary_sensor.esp5sensor,off,2025-12-21T16:16:43.262Z
binary_sensor.esp5sensor,on,2025-12-21T16:20:12.410Z
binary_sensor.esp5sensor,off,2025-12-21T16:20:42.418Z
binary_sensor.esp5sensor,on,2025-12-21T16:21:40.729Z
binary_sensor.esp5sensor,off,2025-12-21T16:22:10.741Z
binary_sensor.esp5sensor,on,2025-12-21T16:39:39.812Z
binary_sensor.esp5sensor,off,2025-12-21T16:40:09.833Z
binary_sensor.esp5sensor,on,2025-12-21T16:44:49.975Z
binary_sensor.esp5sensor,off,2025-12-21T16:45:20.002Z
binary_sensor.esp5sensor,on,2025-12-21T16:54:45.636Z
binary_sensor.esp5sensor,off,2025-12-21T16:55:15.654Z
binary_sensor.esp5sensor,on,2025-12-21T17:00:53.725Z
binary_sensor.esp5sensor,off,2025-12-21T17:01:23.773Z
binary_sensor.esp5sensor,on,2025-12-21T17:09:15.989Z
binary_sensor.esp5sensor,off,2025-12-21T17:09:45.994Z
binary_sensor.esp5sensor,on,2025-12-21T17:18:17.098Z
binary_sensor.esp5sensor,off,2025-12-21T17:18:47.107Z
binary_sensor.esp5sensor,on,2025-12-21T17:32:58.740Z
binary_sensor.esp5sensor,off,2025-12-21T17:33:28.775Z
binary_sensor.esp5sensor,on,2025-12-21T17:37:29.453Z
binary_sensor.esp5sensor,off,2025-12-21T17:37:59.001Z
binary_sensor.esp5sensor,on,2025-12-21T17:44:42.642Z
binary_sensor.esp5sensor,off,2025-12-21T17:45:12.662Z
binary_sensor.esp5sensor,on,2025-12-21T17:45:49.552Z
binary_sensor.esp5sensor,off,2025-12-21T17:46:19.604Z
binary_sensor.esp5sensor,on,2025-12-21T17:49:08.975Z
binary_sensor.esp5sensor,off,2025-12-21T17:49:38.993Z
binary_sensor.esp5sensor,on,2025-12-21T17:52:32.993Z
binary_sensor.esp5sensor,off,2025-12-21T17:53:03.005Z
binary_sensor.esp5sensor,on,2025-12-21T17:53:44.997Z
binary_sensor.esp5sensor,off,2025-12-21T17:54:15.016Z
binary_sensor.esp5sensor,on,2025-12-21T17:54:17.755Z
binary_sensor.esp5sensor,off,2025-12-21T17:54:47.765Z
binary_sensor.esp5sensor,on,2025-12-21T17:56:58.077Z
binary_sensor.esp5sensor,off,2025-12-21T17:57:28.114Z
binary_sensor.esp5sensor,on,2025-12-21T18:03:13.145Z
binary_sensor.esp5sensor,off,2025-12-21T18:03:43.175Z
binary_sensor.esp5sensor,on,2025-12-21T18:06:49.276Z
binary_sensor.esp5sensor,off,2025-12-21T18:07:19.314Z
binary_sensor.esp5sensor,on,2025-12-21T18:36:43.727Z
binary_sensor.esp5sensor,off,2025-12-21T18:37:13.747Z
binary_sensor.esp5sensor,on,2025-12-21T18:39:28.566Z
binary_sensor.esp5sensor,off,2025-12-21T18:39:58.607Z
binary_sensor.esp5sensor,on,2025-12-21T18:45:09.894Z
binary_sensor.esp5sensor,off,2025-12-21T18:45:39.934Z
binary_sensor.esp5sensor,on,2025-12-21T18:47:50.777Z
binary_sensor.esp5sensor,off,2025-12-21T18:48:20.786Z
binary_sensor.esp5sensor,on,2025-12-21T18:50:43.312Z
binary_sensor.esp5sensor,off,2025-12-21T18:51:13.327Z
binary_sensor.esp5sensor,on,2025-12-21T19:13:55.992Z
binary_sensor.esp5sensor,off,2025-12-21T19:14:26.031Z
binary_sensor.esp5sensor,on,2025-12-21T19:15:03.992Z
binary_sensor.esp5sensor,off,2025-12-21T19:15:34.024Z
binary_sensor.esp5sensor,on,2025-12-21T19:15:51.242Z
binary_sensor.esp5sensor,off,2025-12-21T19:16:21.263Z
binary_sensor.esp5sensor,on,2025-12-21T19:16:31.323Z
binary_sensor.esp5sensor,off,2025-12-21T19:17:01.352Z
binary_sensor.esp5sensor,on,2025-12-21T19:23:26.104Z
binary_sensor.esp5sensor,off,2025-12-21T19:23:56.114Z
binary_sensor.esp5sensor,on,2025-12-21T19:37:14.955Z
binary_sensor.esp5sensor,off,2025-12-21T19:37:44.964Z
binary_sensor.esp5sensor,on,2025-12-21T19:46:16.236Z
binary_sensor.esp5sensor,off,2025-12-21T19:46:46.255Z
binary_sensor.esp5sensor,on,2025-12-21T20:04:31.982Z
binary_sensor.esp5sensor,off,2025-12-21T20:05:02.012Z
binary_sensor.esp5sensor,on,2025-12-21T20:09:08.932Z
binary_sensor.esp5sensor,off,2025-12-21T20:09:38.941Z
binary_sensor.esp5sensor,on,2025-12-21T20:12:58.364Z
binary_sensor.esp5sensor,off,2025-12-21T20:13:28.395Z
binary_sensor.esp5sensor,on,2025-12-21T20:14:29.034Z
binary_sensor.esp5sensor,off,2025-12-21T20:14:58.724Z
binary_sensor.esp5sensor,on,2025-12-21T20:24:22.193Z
binary_sensor.esp5sensor,off,2025-12-21T20:24:52.217Z
binary_sensor.esp5sensor,on,2025-12-21T20:31:54.611Z
binary_sensor.esp5sensor,off,2025-12-21T20:32:24.622Z
binary_sensor.esp5sensor,on,2025-12-21T20:35:45.153Z
binary_sensor.esp5sensor,off,2025-12-21T20:36:15.181Z
binary_sensor.esp5sensor,on,2025-12-21T20:51:32.512Z
binary_sensor.esp5sensor,off,2025-12-21T20:52:02.574Z
binary_sensor.esp5sensor,on,2025-12-21T21:30:31.914Z
binary_sensor.esp5sensor,off,2025-12-21T21:31:01.914Z
binary_sensor.esp5sensor,on,2025-12-21T21:46:41.970Z
binary_sensor.esp5sensor,off,2025-12-21T21:47:11.993Z
binary_sensor.esp5sensor,on,2025-12-21T22:05:54.550Z
binary_sensor.esp5sensor,off,2025-12-21T22:06:24.586Z
binary_sensor.esp5sensor,on,2025-12-21T22:20:32.945Z
binary_sensor.esp5sensor,off,2025-12-21T22:21:02.976Z
binary_sensor.esp5sensor,on,2025-12-21T22:47:16.359Z
binary_sensor.esp5sensor,off,2025-12-21T22:47:46.385Z
binary_sensor.esp5sensor,on,2025-12-21T23:00:20.801Z
binary_sensor.esp5sensor,off,2025-12-21T23:00:50.821Z
binary_sensor.esp5sensor,on,2025-12-21T23:12:25.537Z
binary_sensor.esp5sensor,off,2025-12-21T23:12:55.568Z
binary_sensor.esp5sensor,on,2025-12-21T23:20:49.464Z
binary_sensor.esp5sensor,off,2025-12-21T23:21:19.491Z
binary_sensor.esp5sensor,on,2025-12-21T23:25:44.495Z
binary_sensor.esp5sensor,off,2025-12-21T23:26:14.533Z
binary_sensor.esp5sensor,on,2025-12-21T23:26:21.601Z
binary_sensor.esp5sensor,off,2025-12-21T23:26:51.619Z
binary_sensor.esp5sensor,on,2025-12-21T23:31:23.044Z
binary_sensor.esp5sensor,off,2025-12-21T23:31:53.065Z
binary_sensor.esp5sensor,on,2025-12-21T23:32:26.545Z
binary_sensor.esp5sensor,off,2025-12-21T23:32:56.554Z
binary_sensor.esp5sensor,on,2025-12-21T23:40:11.605Z
binary_sensor.esp5sensor,off,2025-12-21T23:40:41.616Z
binary_sensor.esp5sensor,on,2025-12-21T23:59:46.667Z
binary_sensor.esp5sensor,off,2025-12-22T00:00:16.689Z
binary_sensor.esp5sensor,on,2025-12-22T00:25:44.059Z
binary_sensor.esp5sensor,off,2025-12-22T00:26:14.116Z
binary_sensor.esp5sensor,on,2025-12-22T00:29:18.099Z
binary_sensor.esp5sensor,off,2025-12-22T00:29:48.110Z
binary_sensor.esp5sensor,on,2025-12-22T00:33:59.059Z
binary_sensor.esp5sensor,off,2025-12-22T00:34:29.071Z
binary_sensor.esp5sensor,on,2025-12-22T00:41:07.301Z
binary_sensor.esp5sensor,off,2025-12-22T00:41:37.260Z
binary_sensor.esp5sensor,on,2025-12-22T00:57:16.125Z
binary_sensor.esp5sensor,off,2025-12-22T00:57:46.146Z
binary_sensor.esp5sensor,on,2025-12-22T01:02:56.407Z
binary_sensor.esp5sensor,off,2025-12-22T01:03:26.396Z
binary_sensor.esp5sensor,on,2025-12-22T01:07:47.099Z
binary_sensor.esp5sensor,off,2025-12-22T01:08:17.121Z
binary_sensor.esp5sensor,on,2025-12-22T01:16:25.001Z
binary_sensor.esp5sensor,off,2025-12-22T01:16:55.035Z
binary_sensor.esp5sensor,on,2025-12-22T01:17:48.494Z
binary_sensor.esp5sensor,off,2025-12-22T01:18:18.535Z
binary_sensor.esp5sensor,on,2025-12-22T01:41:59.104Z
binary_sensor.esp5sensor,off,2025-12-22T01:42:29.124Z
binary_sensor.esp5sensor,on,2025-12-22T01:43:06.214Z
binary_sensor.esp5sensor,off,2025-12-22T01:43:36.244Z
binary_sensor.esp5sensor,on,2025-12-22T01:44:19.074Z
binary_sensor.esp5sensor,off,2025-12-22T01:44:49.105Z
binary_sensor.esp5sensor,on,2025-12-22T02:22:59.190Z
binary_sensor.esp5sensor,off,2025-12-22T02:23:29.201Z
binary_sensor.esp5sensor,on,2025-12-22T02:26:33.370Z
binary_sensor.esp5sensor,off,2025-12-22T02:27:03.402Z
binary_sensor.esp5sensor,on,2025-12-22T02:49:21.988Z
binary_sensor.esp5sensor,off,2025-12-22T02:49:52.015Z
binary_sensor.esp5sensor,on,2025-12-22T03:01:19.323Z
binary_sensor.esp5sensor,off,2025-12-22T03:01:49.318Z
binary_sensor.esp5sensor,on,2025-12-22T03:02:58.671Z
binary_sensor.esp5sensor,off,2025-12-22T03:03:28.681Z
binary_sensor.esp5sensor,on,2025-12-22T03:06:36.811Z
binary_sensor.esp5sensor,off,2025-12-22T03:07:06.812Z
binary_sensor.esp5sensor,on,2025-12-22T03:26:46.453Z
binary_sensor.esp5sensor,off,2025-12-22T03:27:16.495Z
binary_sensor.esp6sensor,on,2025-12-21T16:00:41.418Z
binary_sensor.esp6sensor,off,2025-12-21T16:01:11.440Z
binary_sensor.esp6sensor,on,2025-12-21T16:07:13.127Z
binary_sensor.esp6sensor,off,2025-12-21T16:07:43.130Z
binary_sensor.esp6sensor,on,2025-12-21T16:09:23.385Z
binary_sensor.esp6sensor,off,2025-12-21T16:09:53.395Z
binary_sensor.esp6sensor,on,2025-12-21T16:18:43.858Z
binary_sensor.esp6sensor,off,2025-12-21T16:19:13.876Z
binary_sensor.esp6sensor,on,2025-12-21T17:06:02.906Z
binary_sensor.esp6sensor,off,2025-12-21T17:06:32.945Z
binary_sensor.esp6sensor,on,2025-12-21T17:06:38.095Z
binary_sensor.esp6sensor,off,2025-12-21T17:07:08.089Z
binary_sensor.esp6sensor,on,2025-12-21T17:12:56.264Z
binary_sensor.esp6sensor,off,2025-12-21T17:13:26.276Z
binary_sensor.esp6sensor,on,2025-12-21T17:40:33.041Z
binary_sensor.esp6sensor,off,2025-12-21T17:41:03.042Z
binary_sensor.esp6sensor,on,2025-12-21T17:45:12.783Z
binary_sensor.esp6sensor,off,2025-12-21T17:45:42.785Z
binary_sensor.esp6sensor,on,2025-12-21T17:52:12.515Z
binary_sensor.esp6sensor,off,2025-12-21T17:52:42.515Z
binary_sensor.esp6sensor,on,2025-12-21T18:06:07.287Z
binary_sensor.esp6sensor,off,2025-12-21T18:06:37.292Z
binary_sensor.esp6sensor,on,2025-12-21T18:08:07.715Z
binary_sensor.esp6sensor,off,2025-12-21T18:08:37.724Z
binary_sensor.esp6sensor,on,2025-12-21T18:35:18.247Z
binary_sensor.esp6sensor,off,2025-12-21T18:35:48.253Z
binary_sensor.esp6sensor,on,2025-12-21T19:01:14.840Z
binary_sensor.esp6sensor,off,2025-12-21T19:01:44.860Z
binary_sensor.esp6sensor,on,2025-12-21T19:13:06.553Z
binary_sensor.esp6sensor,off,2025-12-21T19:13:36.571Z
binary_sensor.esp6sensor,on,2025-12-21T19:14:32.326Z
binary_sensor.esp6sensor,off,2025-12-21T19:15:02.343Z
binary_sensor.esp6sensor,on,2025-12-21T19:33:17.154Z
binary_sensor.esp6sensor,off,2025-12-21T19:33:47.153Z
binary_sensor.esp6sensor,on,2025-12-21T19:39:29.455Z
binary_sensor.esp6sensor,off,2025-12-21T19:39:59.474Z
binary_sensor.esp6sensor,on,2025-12-21T19:41:08.716Z
binary_sensor.esp6sensor,off,2025-12-21T19:41:38.736Z
binary_sensor.esp6sensor,on,2025-12-21T19:50:33.080Z
binary_sensor.esp6sensor,off,2025-12-21T19:51:03.087Z
binary_sensor.esp6sensor,on,2025-12-21T19:58:13.961Z
binary_sensor.esp6sensor,off,2025-12-21T19:58:43.961Z
binary_sensor.esp6sensor,on,2025-12-21T19:58:44.710Z
binary_sensor.esp6sensor,off,2025-12-21T19:59:14.712Z
binary_sensor.esp6sensor,on,2025-12-21T20:12:58.562Z
binary_sensor.esp6sensor,off,2025-12-21T20:13:28.582Z
binary_sensor.esp6sensor,on,2025-12-21T20:33:35.133Z
binary_sensor.esp6sensor,off,2025-12-21T20:34:05.161Z
binary_sensor.esp6sensor,on,2025-12-21T20:42:43.982Z
binary_sensor.esp6sensor,off,2025-12-21T20:43:14.002Z
binary_sensor.esp6sensor,on,2025-12-21T20:50:14.701Z
binary_sensor.esp6sensor,off,2025-12-21T20:50:44.582Z
binary_sensor.esp6sensor,on,2025-12-21T21:25:52.115Z
binary_sensor.esp6sensor,off,2025-12-21T21:26:22.137Z
binary_sensor.esp6sensor,on,2025-12-21T21:29:28.694Z
binary_sensor.esp6sensor,off,2025-12-21T21:29:58.714Z
binary_sensor.esp6sensor,on,2025-12-21T21:39:03.787Z
binary_sensor.esp6sensor,off,2025-12-21T21:39:33.787Z
binary_sensor.esp6sensor,on,2025-12-21T21:44:14.296Z
binary_sensor.esp6sensor,off,2025-12-21T21:44:44.330Z
binary_sensor.esp6sensor,on,2025-12-21T21:50:38.167Z
binary_sensor.esp6sensor,off,2025-12-21T21:51:08.199Z
binary_sensor.esp6sensor,on,2025-12-21T21:51:57.739Z
binary_sensor.esp6sensor,off,2025-12-21T21:52:27.741Z
binary_sensor.esp6sensor,on,2025-12-21T21:57:45.342Z
binary_sensor.esp6sensor,off,2025-12-21T21:58:15.373Z
binary_sensor.esp6sensor,on,2025-12-21T22:23:17.989Z
binary_sensor.esp6sensor,off,2025-12-21T22:23:48.008Z
binary_sensor.esp6sensor,on,2025-12-21T22:27:37.551Z
binary_sensor.esp6sensor,off,2025-12-21T22:28:07.561Z
binary_sensor.esp6sensor,on,2025-12-21T22:44:37.918Z
binary_sensor.esp6sensor,off,2025-12-21T22:45:07.958Z
binary_sensor.esp6sensor,on,2025-12-21T23:34:47.845Z
binary_sensor.esp6sensor,off,2025-12-21T23:35:17.844Z
binary_sensor.esp6sensor,on,2025-12-21T23:38:22.689Z
binary_sensor.esp6sensor,off,2025-12-21T23:38:52.699Z
binary_sensor.esp6sensor,on,2025-12-21T23:47:14.965Z
binary_sensor.esp6sensor,off,2025-12-21T23:47:44.996Z
binary_sensor.esp6sensor,on,2025-12-22T00:07:53.140Z
binary_sensor.esp6sensor,off,2025-12-22T00:08:23.150Z
binary_sensor.esp6sensor,on,2025-12-22T00:41:43.732Z
binary_sensor.esp6sensor,off,2025-12-22T00:42:13.743Z
binary_sensor.esp6sensor,on,2025-12-22T00:50:31.244Z
binary_sensor.esp6sensor,off,2025-12-22T00:51:01.253Z
binary_sensor.esp6sensor,on,2025-12-22T01:05:48.369Z
binary_sensor.esp6sensor,off,2025-12-22T01:06:18.381Z
binary_sensor.esp6sensor,on,2025-12-22T01:09:24.450Z
binary_sensor.esp6sensor,off,2025-12-22T01:09:54.471Z
binary_sensor.esp6sensor,on,2025-12-22T01:24:12.814Z
binary_sensor.esp6sensor,off,2025-12-22T01:24:42.804Z
binary_sensor.esp6sensor,on,2025-12-22T01:43:00.053Z
binary_sensor.esp6sensor,off,2025-12-22T01:43:30.073Z
binary_sensor.esp6sensor,on,2025-12-22T01:43:31.064Z
binary_sensor.esp6sensor,off,2025-12-22T01:44:01.093Z
binary_sensor.esp6sensor,on,2025-12-22T01:50:43.785Z
binary_sensor.esp6sensor,off,2025-12-22T01:51:13.798Z
binary_sensor.esp6sensor,on,2025-12-22T02:43:51.232Z
binary_sensor.esp6sensor,off,2025-12-22T02:44:21.233Z
binary_sensor.esp6sensor,on,2025-12-22T03:06:55.732Z
binary_sensor.esp6sensor,off,2025-12-22T03:07:25.762Z
binary_sensor.esp6sensor,on,2025-12-22T03:23:15.402Z
binary_sensor.esp6sensor,off,2025-12-22T03:23:45.385Z
binary_sensor.esp6sensor,on,2025-12-22T03:31:21.405Z
binary_sensor.esp6sensor,off,2025-12-22T03:31:51.397Z
light.nanoleaf_thread_0176,on,2025-12-21T15:57:54.399Z
light.nanoleaf_thread_0176,off,2025-12-21T16:01:24.374Z
light.nanoleaf_thread_0176,on,2025-12-21T16:09:47.416Z
light.nanoleaf_thread_0176,off,2025-12-21T16:11:39.634Z
light.nanoleaf_thread_0176,on,2025-12-21T16:11:42.429Z
light.nanoleaf_thread_0176,off,2025-12-21T16:15:40.368Z
light.nanoleaf_thread_0176,on,2025-12-21T16:16:11.550Z
light.nanoleaf_thread_0176,off,2025-12-21T16:19:09.360Z
light.nanoleaf_thread_0176,on,2025-12-21T16:23:13.461Z
light.nanoleaf_thread_0176,off,2025-12-21T16:29:09.353Z
light.nanoleaf_thread_0176,on,2025-12-21T16:29:57.379Z
light.nanoleaf_thread_0176,off,2025-12-21T16:31:39.595Z
light.nanoleaf_thread_0176,on,2025-12-21T16:32:10.636Z
light.nanoleaf_thread_0176,off,2025-12-21T16:34:37.381Z
light.nanoleaf_thread_0176,on,2025-12-21T16:37:35.394Z
light.nanoleaf_thread_0176,off,2025-12-21T16:41:32.840Z
light.nanoleaf_thread_0176,on,2025-12-21T16:43:09.029Z
light.nanoleaf_thread_0176,off,2025-12-21T16:43:48.415Z
light.nanoleaf_thread_0176,on,2025-12-21T16:46:27.427Z
light.nanoleaf_thread_0176,off,2025-12-21T16:49:05.357Z
light.nanoleaf_thread_0176,on,2025-12-21T16:52:32.759Z
light.nanoleaf_thread_0176,off,2025-12-21T16:52:45.388Z
light.nanoleaf_thread_0176,on,2025-12-21T16:53:38.416Z
light.nanoleaf_thread_0176,off,2025-12-21T16:56:09.371Z
light.nanoleaf_thread_0176,on,2025-12-21T16:57:37.395Z
light.nanoleaf_thread_0176,off,2025-12-21T16:59:12.437Z
light.nanoleaf_thread_0176,on,2025-12-21T17:00:50.398Z
light.nanoleaf_thread_0176,off,2025-12-21T17:01:07.438Z
light.nanoleaf_thread_0176,on,2025-12-21T17:04:29.878Z
light.nanoleaf_thread_0176,off,2025-12-21T17:05:07.375Z
light.nanoleaf_thread_0176,on,2025-12-21T17:08:17.407Z
light.nanoleaf_thread_0176,off,2025-12-21T17:10:03.349Z
light.nanoleaf_thread_0176,on,2025-12-21T17:11:50.571Z
light.nanoleaf_thread_0176,off,2025-12-21T17:14:09.356Z
light.nanoleaf_thread_0176,on,2025-12-21T17:20:33.392Z
light.nanoleaf_thread_0176,off,2025-12-21T17:21:47.361Z
light.nanoleaf_thread_0176,on,2025-12-21T17:21:55.399Z
light.nanoleaf_thread_0176,off,2025-12-21T17:23:55.394Z
light.nanoleaf_thread_0176,on,2025-12-21T17:28:07.915Z
light.nanoleaf_thread_0176,off,2025-12-21T17:30:06.368Z
light.nanoleaf_thread_0176,on,2025-12-21T17:32:12.409Z
light.nanoleaf_thread_0176,off,2025-12-21T17:33:09.496Z
light.nanoleaf_thread_0176,on,2025-12-21T17:42:18.389Z
light.nanoleaf_thread_0176,off,2025-12-21T17:42:54.341Z
light.nanoleaf_thread_0176,on,2025-12-21T17:47:59.383Z
light.nanoleaf_thread_0176,off,2025-12-21T17:50:45.363Z
light.nanoleaf_thread_0176,on,2025-12-21T17:51:03.397Z
light.nanoleaf_thread_0176,off,2025-12-21T17:51:54.355Z
light.nanoleaf_thread_0176,on,2025-12-21T17:52:30.376Z
light.nanoleaf_thread_0176,off,2025-12-21T17:55:43.356Z
light.nanoleaf_thread_0176,on,2025-12-21T17:58:10.639Z
light.nanoleaf_thread_0176,off,2025-12-21T17:59:22.448Z
light.nanoleaf_thread_0176,on,2025-12-21T18:03:41.428Z
light.nanoleaf_thread_0176,off,2025-12-21T18:08:07.378Z
light.nanoleaf_thread_0176,on,2025-12-21T18:09:37.379Z
light.nanoleaf_thread_0176,off,2025-12-21T18:13:15.355Z
light.nanoleaf_thread_0176,on,2025-12-21T18:13:42.441Z
light.nanoleaf_thread_0176,off,2025-12-21T18:19:43.379Z
light.nanoleaf_thread_0176,on,2025-12-21T18:21:14.408Z
light.nanoleaf_thread_0176,off,2025-12-21T18:23:11.617Z
light.nanoleaf_thread_0176,on,2025-12-21T18:23:35.378Z
light.nanoleaf_thread_0176,off,2025-12-21T18:24:22.477Z
light.nanoleaf_thread_0176,on,2025-12-21T18:34:31.397Z
light.nanoleaf_thread_0176,off,2025-12-21T18:35:02.369Z
light.nanoleaf_thread_0176,on,2025-12-21T18:35:08.387Z
light.nanoleaf_thread_0176,off,2025-12-21T18:41:54.362Z
light.nanoleaf_thread_0176,on,2025-12-21T18:44:56.728Z
light.nanoleaf_thread_0176,off,2025-12-21T18:48:41.363Z
light.nanoleaf_thread_0176,on,2025-12-21T18:54:49.068Z
light.nanoleaf_thread_0176,off,2025-12-21T19:02:28.343Z
light.nanoleaf_thread_0176,on,2025-12-21T19:06:19.495Z
light.nanoleaf_thread_0176,off,2025-12-21T19:15:09.363Z
light.nanoleaf_thread_0176,on,2025-12-21T19:22:13.405Z
light.nanoleaf_thread_0176,off,2025-12-21T19:24:49.369Z
light.nanoleaf_thread_0176,on,2025-12-21T19:25:59.425Z
light.nanoleaf_thread_0176,off,2025-12-21T19:27:18.346Z
light.nanoleaf_thread_0176,on,2025-12-21T19:29:58.397Z
light.nanoleaf_thread_0176,off,2025-12-21T19:30:35.457Z
light.nanoleaf_thread_0176,on,2025-12-21T19:31:29.385Z
light.nanoleaf_thread_0176,off,2025-12-21T19:31:53.377Z
light.nanoleaf_thread_0176,on,2025-12-21T19:34:13.413Z
light.nanoleaf_thread_0176,off,2025-12-21T19:35:10.520Z
light.nanoleaf_thread_0176,on,2025-12-21T19:37:46.798Z
light.nanoleaf_thread_0176,off,2025-12-21T19:41:15.345Z
light.nanoleaf_thread_0176,on,2025-12-21T19:48:34.412Z
light.nanoleaf_thread_0176,off,2025-12-21T19:49:39.374Z
light.nanoleaf_thread_0176,on,2025-12-21T19:57:23.385Z
light.nanoleaf_thread_0176,off,2025-12-21T19:58:53.373Z
light.nanoleaf_thread_0176,on,2025-12-21T19:59:44.411Z
light.nanoleaf_thread_0176,off,2025-12-21T20:03:44.354Z
light.nanoleaf_thread_0176,on,2025-12-21T20:05:46.593Z
light.nanoleaf_thread_0176,off,2025-12-21T20:07:37.818Z
light.nanoleaf_thread_0176,on,2025-12-21T20:18:30.048Z
light.nanoleaf_thread_0176,off,2025-12-21T20:24:06.709Z
light.nanoleaf_thread_0176,on,2025-12-21T20:26:01.395Z
light.nanoleaf_thread_0176,off,2025-12-21T20:29:18.777Z
light.nanoleaf_thread_0176,on,2025-12-21T20:29:21.422Z
light.nanoleaf_thread_0176,off,2025-12-21T20:30:06.383Z
light.nanoleaf_thread_0176,on,2025-12-21T20:31:46.403Z
light.nanoleaf_thread_0176,off,2025-12-21T20:41:05.383Z
light.nanoleaf_thread_0176,on,2025-12-21T20:45:33.400Z
light.nanoleaf_thread_0176,off,2025-12-21T20:49:22.374Z
light.nanoleaf_thread_0176,on,2025-12-21T20:51:50.385Z
light.nanoleaf_thread_0176,off,2025-12-21T20:55:48.434Z
light.nanoleaf_thread_0176,on,2025-12-21T20:57:47.412Z
light.nanoleaf_thread_0176,off,2025-12-21T20:59:42.395Z
light.nanoleaf_thread_0176,on,2025-12-21T21:04:15.401Z
light.nanoleaf_thread_0176,off,2025-12-21T21:05:59.355Z
light.nanoleaf_thread_0176,on,2025-12-21T21:06:30.403Z
light.nanoleaf_thread_0176,off,2025-12-21T21:08:26.437Z
light.nanoleaf_thread_0176,unavailable,2025-12-21T21:10:38.598Z
light.nanoleaf_thread_0176,on,2025-12-21T21:13:50.129Z
light.nanoleaf_thread_0176,off,2025-12-21T21:15:06.295Z
light.nanoleaf_thread_0176,on,2025-12-21T21:24:25.427Z
light.nanoleaf_thread_0176,off,2025-12-21T21:29:45.357Z
light.nanoleaf_thread_0176,on,2025-12-21T21:30:41.387Z
light.nanoleaf_thread_0176,off,2025-12-21T21:32:52.339Z
light.nanoleaf_thread_0176,on,2025-12-21T21:33:54.498Z
light.nanoleaf_thread_0176,off,2025-12-21T21:33:57.348Z
light.nanoleaf_thread_0176,on,2025-12-21T21:38:19.880Z
light.nanoleaf_thread_0176,off,2025-12-21T21:39:03.360Z
light.nanoleaf_thread_0176,on,2025-12-21T21:40:40.550Z
light.nanoleaf_thread_0176,off,2025-12-21T21:42:38.376Z
light.nanoleaf_thread_0176,on,2025-12-21T21:43:29.398Z
light.nanoleaf_thread_0176,off,2025-12-21T22:00:31.344Z
light.nanoleaf_thread_0176,on,2025-12-21T22:01:54.412Z
light.nanoleaf_thread_0176,off,2025-12-21T22:04:28.386Z
light.nanoleaf_thread_0176,on,2025-12-21T22:04:58.386Z
light.nanoleaf_thread_0176,off,2025-12-21T22:06:19.347Z
light.nanoleaf_thread_0176,on,2025-12-21T22:07:27.395Z
light.nanoleaf_thread_0176,off,2025-12-21T22:09:24.602Z
light.nanoleaf_thread_0176,on,2025-12-21T22:22:12.057Z
light.nanoleaf_thread_0176,off,2025-12-21T22:24:43.356Z
light.nanoleaf_thread_0176,on,2025-12-21T22:24:47.436Z
light.nanoleaf_thread_0176,off,2025-12-21T22:30:36.400Z
light.nanoleaf_thread_0176,on,2025-12-21T22:30:45.400Z
light.nanoleaf_thread_0176,off,2025-12-21T22:31:50.362Z
light.nanoleaf_thread_0176,on,2025-12-21T22:38:00.381Z
light.nanoleaf_thread_0176,off,2025-12-21T22:38:01.400Z
light.nanoleaf_thread_0176,on,2025-12-21T22:41:41.400Z
light.nanoleaf_thread_0176,off,2025-12-21T22:46:49.360Z
light.nanoleaf_thread_0176,on,2025-12-21T22:48:23.419Z
light.nanoleaf_thread_0176,off,2025-12-21T22:49:02.373Z
light.nanoleaf_thread_0176,on,2025-12-21T22:59:38.406Z
light.nanoleaf_thread_0176,off,2025-12-21T23:05:54.389Z
light.nanoleaf_thread_0176,on,2025-12-21T23:09:40.410Z
light.nanoleaf_thread_0176,off,2025-12-21T23:11:10.362Z
light.nanoleaf_thread_0176,on,2025-12-21T23:17:40.379Z
light.nanoleaf_thread_0176,off,2025-12-21T23:17:45.353Z
light.nanoleaf_thread_0176,on,2025-12-21T23:19:23.435Z
light.nanoleaf_thread_0176,off,2025-12-21T23:20:19.374Z
light.nanoleaf_thread_0176,on,2025-12-21T23:20:52.405Z
light.nanoleaf_thread_0176,off,2025-12-21T23:20:59.407Z
light.nanoleaf_thread_0176,on,2025-12-21T23:23:02.458Z
light.nanoleaf_thread_0176,off,2025-12-21T23:23:40.352Z
light.nanoleaf_thread_0176,on,2025-12-21T23:25:30.383Z
light.nanoleaf_thread_0176,off,2025-12-21T23:26:54.370Z
light.nanoleaf_thread_0176,on,2025-12-21T23:30:17.406Z
light.nanoleaf_thread_0176,off,2025-12-21T23:32:16.356Z
light.nanoleaf_thread_0176,on,2025-12-21T23:35:29.413Z
light.nanoleaf_thread_0176,off,2025-12-21T23:40:37.001Z
light.nanoleaf_thread_0176,on,2025-12-21T23:41:58.406Z
light.nanoleaf_thread_0176,off,2025-12-21T23:42:48.355Z
light.nanoleaf_thread_0176,on,2025-12-21T23:44:23.395Z
light.nanoleaf_thread_0176,off,2025-12-21T23:44:28.366Z
light.nanoleaf_thread_0176,on,2025-12-21T23:49:22.398Z
light.nanoleaf_thread_0176,off,2025-12-21T23:50:45.389Z
light.nanoleaf_thread_0176,on,2025-12-21T23:51:40.379Z
light.nanoleaf_thread_0176,off,2025-12-21T23:56:40.349Z
light.nanoleaf_thread_0176,on,2025-12-22T00:05:46.389Z
light.nanoleaf_thread_0176,off,2025-12-22T00:06:41.362Z
light.nanoleaf_thread_0176,on,2025-12-22T00:07:03.436Z
light.nanoleaf_thread_0176,off,2025-12-22T00:09:01.383Z
light.nanoleaf_thread_0176,on,2025-12-22T00:09:36.391Z
light.nanoleaf_thread_0176,off,2025-12-22T00:12:10.363Z
light.nanoleaf_thread_0176,on,2025-12-22T00:14:40.400Z
light.nanoleaf_thread_0176,off,2025-12-22T00:18:48.336Z
light.nanoleaf_thread_0176,on,2025-12-22T00:28:57.430Z
light.nanoleaf_thread_0176,off,2025-12-22T00:29:20.370Z
light.nanoleaf_thread_0176,on,2025-12-22T00:30:49.400Z
light.nanoleaf_thread_0176,off,2025-12-22T00:33:57.372Z
light.nanoleaf_thread_0176,on,2025-12-22T00:38:26.398Z
light.nanoleaf_thread_0176,off,2025-12-22T00:40:50.372Z
light.nanoleaf_thread_0176,on,2025-12-22T00:44:18.443Z
light.nanoleaf_thread_0176,off,2025-12-22T00:45:01.365Z
light.nanoleaf_thread_0176,on,2025-12-22T00:49:46.402Z
light.nanoleaf_thread_0176,off,2025-12-22T00:51:30.385Z
light.nanoleaf_thread_0176,on,2025-12-22T01:01:16.387Z
light.nanoleaf_thread_0176,off,2025-12-22T01:02:31.348Z
light.nanoleaf_thread_0176,on,2025-12-22T01:02:42.387Z
light.nanoleaf_thread_0176,off,2025-12-22T01:06:32.361Z
light.nanoleaf_thread_0176,on,2025-12-22T01:17:09.451Z
light.nanoleaf_thread_0176,off,2025-12-22T01:22:04.375Z
light.nanoleaf_thread_0176,on,2025-12-22T01:23:26.528Z
light.nanoleaf_thread_0176,off,2025-12-22T01:29:53.272Z
light.nanoleaf_thread_0176,on,2025-12-22T01:36:10.457Z
light.nanoleaf_thread_0176,off,2025-12-22T01:37:47.628Z
light.nanoleaf_thread_0176,on,2025-12-22T01:47:13.377Z
light.nanoleaf_thread_0176,off,2025-12-22T01:49:33.351Z
light.nanoleaf_thread_0176,on,2025-12-22T01:51:40.609Z
light.nanoleaf_thread_0176,off,2025-12-22T01:53:19.398Z
light.nanoleaf_thread_0176,on,2025-12-22T01:54:44.406Z
light.nanoleaf_thread_0176,off,2025-12-22T01:59:47.377Z
light.nanoleaf_thread_0176,on,2025-12-22T02:08:26.427Z
light.nanoleaf_thread_0176,off,2025-12-22T02:10:26.378Z
light.nanoleaf_thread_0176,on,2025-12-22T02:10:52.380Z
light.nanoleaf_thread_0176,off,2025-12-22T02:11:46.348Z
light.nanoleaf_thread_0176,on,2025-12-22T02:14:05.395Z
light.nanoleaf_thread_0176,off,2025-12-22T02:14:35.379Z
light.nanoleaf_thread_0176,on,2025-12-22T02:18:57.878Z
light.nanoleaf_thread_0176,off,2025-12-22T02:23:33.363Z
light.nanoleaf_thread_0176,on,2025-12-22T02:29:36.437Z
light.nanoleaf_thread_0176,off,2025-12-22T02:32:19.378Z
light.nanoleaf_thread_0176,on,2025-12-22T02:32:44.404Z
light.nanoleaf_thread_0176,off,2025-12-22T02:33:32.355Z
light.nanoleaf_thread_0176,on,2025-12-22T02:34:46.414Z
light.nanoleaf_thread_0176,off,2025-12-22T02:34:52.358Z
light.nanoleaf_thread_0176,on,2025-12-22T02:37:28.468Z
light.nanoleaf_thread_0176,off,2025-12-22T02:38:04.340Z
light.nanoleaf_thread_0176,on,2025-12-22T02:38:46.454Z
light.nanoleaf_thread_0176,off,2025-12-22T02:44:26.414Z
light.nanoleaf_thread_0176,on,2025-12-22T02:46:03.600Z
light.nanoleaf_thread_0176,off,2025-12-22T02:51:02.357Z
light.nanoleaf_thread_0176,on,2025-12-22T02:58:48.384Z
light.nanoleaf_thread_0176,off,2025-12-22T02:59:23.394Z
light.nanoleaf_thread_0176,on,2025-12-22T02:59:39.419Z
light.nanoleaf_thread_0176,off,2025-12-22T03:01:47.390Z
light.nanoleaf_thread_0176,on,2025-12-22T03:03:12.412Z
light.nanoleaf_thread_0176,off,2025-12-22T03:04:47.361Z
light.nanoleaf_thread_0176,on,2025-12-22T03:05:33.459Z
light.nanoleaf_thread_0176,off,2025-12-22T03:07:34.402Z
light.nanoleaf_thread_0176,on,2025-12-22T03:13:58.421Z
light.nanoleaf_thread_0176,off,2025-12-22T03:17:05.738Z
light.nanoleaf_thread_0176,on,2025-12-22T03:23:04.399Z
light.nanoleaf_thread_0176,off,2025-12-22T03:27:55.356Z
light.nanoleaf_thread_0176,on,2025-12-22T03:34:08.081Z
light.nanoleaf_thread_0176,off,2025-12-22T03:35:55.365Z
light.nanoleaf_thread_0176,on,2025-12-22T03:36:56.387Z
light.nanoleaf_thread_0176,off,2025-12-22T03:37:50.347Z
light.nanoleaf_thread_0176,on,2025-12-22T03:41:18.395Z
light.nanoleaf_thread_0176,off,2025-12-22T03:42:35.534Z
light.nanoleaf_thread_0176,on,2025-12-22T03:43:18.395Z
light.nanoleaf_thread_0176,off,2025-12-22T03:44:16.395Z
light.nanoleaf_thread_1624,on,2025-12-21T15:51:35.392Z
light.nanoleaf_thread_1624,off,2025-12-21T15:55:37.922Z
light.nanoleaf_thread_1624,on,2025-12-21T16:01:50.316Z
light.nanoleaf_thread_1624,off,2025-12-21T16:03:29.299Z
light.nanoleaf_thread_1624,on,2025-12-21T16:03:36.362Z
light.nanoleaf_thread_1624,off,2025-12-21T16:06:54.322Z
light.nanoleaf_thread_1624,on,2025-12-21T16:07:54.344Z
light.nanoleaf_thread_1624,off,2025-12-21T16:09:23.315Z
light.nanoleaf_thread_1624,on,2025-12-21T16:14:03.317Z
light.nanoleaf_thread_1624,off,2025-12-21T16:16:54.310Z
light.nanoleaf_thread_1624,on,2025-12-21T16:19:39.328Z
light.nanoleaf_thread_1624,off,2025-12-21T16:21:11.525Z
light.nanoleaf_thread_1624,on,2025-12-21T16:23:13.370Z
light.nanoleaf_thread_1624,off,2025-12-21T16:23:52.317Z
light.nanoleaf_thread_1624,on,2025-12-21T16:24:49.443Z
light.nanoleaf_thread_1624,off,2025-12-21T16:25:31.315Z
light.nanoleaf_thread_1624,on,2025-12-21T16:27:40.336Z
light.nanoleaf_thread_1624,off,2025-12-21T16:27:47.355Z
light.nanoleaf_thread_1624,on,2025-12-21T16:35:52.323Z
light.nanoleaf_thread_1624,off,2025-12-21T16:41:09.930Z
light.nanoleaf_thread_1624,on,2025-12-21T16:47:52.324Z
light.nanoleaf_thread_1624,off,2025-12-21T16:52:07.316Z
light.nanoleaf_thread_1624,on,2025-12-21T16:53:28.372Z
light.nanoleaf_thread_1624,off,2025-12-21T16:55:23.301Z
light.nanoleaf_thread_1624,on,2025-12-21T16:57:58.317Z
light.nanoleaf_thread_1624,off,2025-12-21T16:59:12.330Z
light.nanoleaf_thread_1624,on,2025-12-21T17:00:40.319Z
light.nanoleaf_thread_1624,off,2025-12-21T17:05:42.913Z
light.nanoleaf_thread_1624,on,2025-12-21T17:06:29.008Z
light.nanoleaf_thread_1624,off,2025-12-21T17:09:35.383Z
light.nanoleaf_thread_1624,on,2025-12-21T17:10:53.340Z
light.nanoleaf_thread_1624,off,2025-12-21T17:12:45.546Z
light.nanoleaf_thread_1624,on,2025-12-21T17:20:40.317Z
light.nanoleaf_thread_1624,off,2025-12-21T17:24:33.306Z
light.nanoleaf_thread_1624,on,2025-12-21T17:25:45.463Z
light.nanoleaf_thread_1624,off,2025-12-21T17:26:28.323Z
light.nanoleaf_thread_1624,on,2025-12-21T17:26:43.326Z
light.nanoleaf_thread_1624,off,2025-12-21T17:28:08.324Z
light.nanoleaf_thread_1624,on,2025-12-21T17:29:11.328Z
light.nanoleaf_thread_1624,off,2025-12-21T17:29:29.305Z
light.nanoleaf_thread_1624,on,2025-12-21T17:40:05.310Z
light.nanoleaf_thread_1624,off,2025-12-21T17:45:55.323Z
light.nanoleaf_thread_1624,on,2025-12-21T17:49:48.314Z
light.nanoleaf_thread_1624,off,2025-12-21T17:54:02.316Z
light.nanoleaf_thread_1624,on,2025-12-21T17:56:06.320Z
light.nanoleaf_thread_1624,off,2025-12-21T17:56:48.421Z
light.nanoleaf_thread_1624,on,2025-12-21T17:58:34.317Z
light.nanoleaf_thread_1624,off,2025-12-21T18:02:35.303Z
light.nanoleaf_thread_1624,on,2025-12-21T18:18:39.146Z
light.nanoleaf_thread_1624,off,2025-12-21T18:26:11.311Z
light.nanoleaf_thread_1624,on,2025-12-21T18:32:16.359Z
light.nanoleaf_thread_1624,off,2025-12-21T18:36:02.306Z
light.nanoleaf_thread_1624,on,2025-12-21T18:38:29.611Z
light.nanoleaf_thread_1624,off,2025-12-21T18:44:03.306Z
light.nanoleaf_thread_1624,on,2025-12-21T18:44:05.147Z
light.nanoleaf_thread_1624,off,2025-12-21T18:50:15.315Z
light.nanoleaf_thread_1624,on,2025-12-21T18:52:40.315Z
light.nanoleaf_thread_1624,off,2025-12-21T18:55:03.315Z
light.nanoleaf_thread_1624,on,2025-12-21T18:57:02.328Z
light.nanoleaf_thread_1624,off,2025-12-21T19:01:16.315Z
light.nanoleaf_thread_1624,on,2025-12-21T19:03:20.325Z
light.nanoleaf_thread_1624,off,2025-12-21T19:04:20.300Z
light.nanoleaf_thread_1624,on,2025-12-21T19:08:04.324Z
light.nanoleaf_thread_1624,off,2025-12-21T19:09:22.306Z
light.nanoleaf_thread_1624,on,2025-12-21T19:10:13.335Z
light.nanoleaf_thread_1624,off,2025-12-21T19:11:28.315Z
light.nanoleaf_thread_1624,on,2025-12-21T19:11:35.363Z
light.nanoleaf_thread_1624,off,2025-12-21T19:12:34.307Z
light.nanoleaf_thread_1624,on,2025-12-21T19:15:43.337Z
light.nanoleaf_thread_1624,off,2025-12-21T19:16:02.315Z
light.nanoleaf_thread_1624,on,2025-12-21T19:22:57.318Z
light.nanoleaf_thread_1624,off,2025-12-21T19:26:28.314Z
light.nanoleaf_thread_1624,on,2025-12-21T19:26:30.357Z
light.nanoleaf_thread_1624,off,2025-12-21T19:37:37.302Z
light.nanoleaf_thread_1624,on,2025-12-21T19:40:39.675Z
light.nanoleaf_thread_1624,off,2025-12-21T19:45:22.311Z
light.nanoleaf_thread_1624,on,2025-12-21T19:47:07.324Z
light.nanoleaf_thread_1624,off,2025-12-21T19:49:48.300Z
light.nanoleaf_thread_1624,on,2025-12-21T19:54:30.862Z
light.nanoleaf_thread_1624,off,2025-12-21T19:56:15.309Z
light.nanoleaf_thread_1624,on,2025-12-21T19:57:08.377Z
light.nanoleaf_thread_1624,off,2025-12-21T20:01:39.303Z
light.nanoleaf_thread_1624,on,2025-12-21T20:05:32.323Z
light.nanoleaf_thread_1624,off,2025-12-21T20:06:17.323Z
light.nanoleaf_thread_1624,on,2025-12-21T20:06:50.325Z
light.nanoleaf_thread_1624,off,2025-12-21T20:10:48.309Z
light.nanoleaf_thread_1624,on,2025-12-21T20:12:54.324Z
light.nanoleaf_thread_1624,off,2025-12-21T20:19:29.315Z
light.nanoleaf_thread_1624,on,2025-12-21T20:20:53.375Z
light.nanoleaf_thread_1624,off,2025-12-21T20:22:29.308Z
light.nanoleaf_thread_1624,on,2025-12-21T20:25:04.340Z
light.nanoleaf_thread_1624,off,2025-12-21T20:33:19.309Z
light.nanoleaf_thread_1624,on,2025-12-21T20:44:44.322Z
light.nanoleaf_thread_1624,off,2025-12-21T20:48:13.302Z
light.nanoleaf_thread_1624,on,2025-12-21T20:51:51.334Z
light.nanoleaf_thread_1624,off,2025-12-21T21:02:38.393Z
light.nanoleaf_thread_1624,on,2025-12-21T21:02:43.382Z
light.nanoleaf_thread_1624,off,2025-12-21T21:04:50.670Z
light.nanoleaf_thread_1624,on,2025-12-21T21:12:13.394Z
light.nanoleaf_thread_1624,off,2025-12-21T21:17:53.315Z
light.nanoleaf_thread_1624,on,2025-12-21T21:21:45.768Z
light.nanoleaf_thread_1624,off,2025-12-21T21:22:24.295Z
light.nanoleaf_thread_1624,on,2025-12-21T21:23:00.319Z
light.nanoleaf_thread_1624,off,2025-12-21T21:23:34.303Z
light.nanoleaf_thread_1624,on,2025-12-21T21:35:40.333Z
light.nanoleaf_thread_1624,off,2025-12-21T21:36:11.319Z
light.nanoleaf_thread_1624,on,2025-12-21T21:36:40.315Z
light.nanoleaf_thread_1624,off,2025-12-21T21:40:56.323Z
light.nanoleaf_thread_1624,on,2025-12-21T21:43:56.326Z
light.nanoleaf_thread_1624,off,2025-12-21T21:44:22.311Z
light.nanoleaf_thread_1624,on,2025-12-21T21:50:20.004Z
light.nanoleaf_thread_1624,off,2025-12-21T21:54:54.306Z
light.nanoleaf_thread_1624,on,2025-12-21T21:55:31.407Z
light.nanoleaf_thread_1624,off,2025-12-21T21:57:54.306Z
light.nanoleaf_thread_1624,on,2025-12-21T22:08:41.324Z
light.nanoleaf_thread_1624,off,2025-12-21T22:14:39.323Z
light.nanoleaf_thread_1624,on,2025-12-21T22:15:29.339Z
light.nanoleaf_thread_1624,off,2025-12-21T22:20:08.311Z
light.nanoleaf_thread_1624,on,2025-12-21T22:22:03.316Z
light.nanoleaf_thread_1624,off,2025-12-21T22:24:17.308Z
light.nanoleaf_thread_1624,on,2025-12-21T22:26:25.335Z
light.nanoleaf_thread_1624,off,2025-12-21T22:28:27.572Z
light.nanoleaf_thread_1624,on,2025-12-21T22:31:13.888Z
light.nanoleaf_thread_1624,off,2025-12-21T22:37:19.314Z
light.nanoleaf_thread_1624,on,2025-12-21T22:42:13.317Z
light.nanoleaf_thread_1624,off,2025-12-21T22:47:27.308Z
light.nanoleaf_thread_1624,on,2025-12-21T22:55:42.339Z
light.nanoleaf_thread_1624,off,2025-12-21T22:55:58.306Z
light.nanoleaf_thread_1624,on,2025-12-21T22:56:23.343Z
light.nanoleaf_thread_1624,off,2025-12-21T22:56:51.315Z
light.nanoleaf_thread_1624,on,2025-12-21T22:59:13.604Z
light.nanoleaf_thread_1624,off,2025-12-21T23:00:18.304Z
light.nanoleaf_thread_1624,on,2025-12-21T23:07:52.329Z
light.nanoleaf_thread_1624,off,2025-12-21T23:09:25.306Z
light.nanoleaf_thread_1624,on,2025-12-21T23:13:47.826Z
light.nanoleaf_thread_1624,off,2025-12-21T23:14:40.302Z
light.nanoleaf_thread_1624,on,2025-12-21T23:23:01.323Z
light.nanoleaf_thread_1624,off,2025-12-21T23:28:14.331Z
light.nanoleaf_thread_1624,on,2025-12-21T23:35:04.333Z
light.nanoleaf_thread_1624,off,2025-12-21T23:40:41.980Z
light.nanoleaf_thread_1624,on,2025-12-21T23:49:18.934Z
light.nanoleaf_thread_1624,off,2025-12-21T23:50:50.310Z
light.nanoleaf_thread_1624,on,2025-12-21T23:53:14.326Z
light.nanoleaf_thread_1624,off,2025-12-22T00:00:24.310Z
light.nanoleaf_thread_1624,on,2025-12-22T00:01:43.325Z
light.nanoleaf_thread_1624,off,2025-12-22T00:08:22.313Z
light.nanoleaf_thread_1624,on,2025-12-22T00:11:18.324Z
light.nanoleaf_thread_1624,off,2025-12-22T00:12:26.305Z
light.nanoleaf_thread_1624,on,2025-12-22T00:16:46.315Z
light.nanoleaf_thread_1624,off,2025-12-22T00:24:09.324Z
light.nanoleaf_thread_1624,on,2025-12-22T00:25:17.316Z
light.nanoleaf_thread_1624,off,2025-12-22T00:26:24.465Z
light.nanoleaf_thread_1624,on,2025-12-22T00:29:55.870Z
light.nanoleaf_thread_1624,off,2025-12-22T00:31:32.301Z
light.nanoleaf_thread_1624,on,2025-12-22T00:32:57.346Z
light.nanoleaf_thread_1624,off,2025-12-22T00:33:25.322Z
light.nanoleaf_thread_1624,on,2025-12-22T00:35:12.524Z
light.nanoleaf_thread_1624,off,2025-12-22T00:35:58.663Z
light.nanoleaf_thread_1624,on,2025-12-22T00:36:29.705Z
light.nanoleaf_thread_1624,off,2025-12-22T00:38:56.309Z
light.nanoleaf_thread_1624,on,2025-12-22T00:42:36.323Z
light.nanoleaf_thread_1624,off,2025-12-22T00:43:33.441Z
light.nanoleaf_thread_1624,on,2025-12-22T00:47:19.314Z
light.nanoleaf_thread_1624,off,2025-12-22T00:53:42.040Z
light.nanoleaf_thread_1624,on,2025-12-22T00:54:03.091Z
light.nanoleaf_thread_1624,off,2025-12-22T00:55:20.307Z
light.nanoleaf_thread_1624,on,2025-12-22T00:57:26.334Z
light.nanoleaf_thread_1624,unavailable,2025-12-22T00:59:34.123Z
light.nanoleaf_thread_1624,on,2025-12-22T00:59:49.570Z
light.nanoleaf_thread_1624,off,2025-12-22T01:00:46.335Z
light.nanoleaf_thread_1624,on,2025-12-22T01:04:19.321Z
light.nanoleaf_thread_1624,off,2025-12-22T01:05:29.318Z
light.nanoleaf_thread_1624,on,2025-12-22T01:13:32.339Z
light.nanoleaf_thread_1624,off,2025-12-22T01:14:23.300Z
light.nanoleaf_thread_1624,on,2025-12-22T01:15:58.334Z
light.nanoleaf_thread_1624,off,2025-12-22T01:16:08.318Z
light.nanoleaf_thread_1624,on,2025-12-22T01:19:53.315Z
light.nanoleaf_thread_1624,off,2025-12-22T01:26:36.090Z
light.nanoleaf_thread_1624,on,2025-12-22T01:33:11.319Z
light.nanoleaf_thread_1624,off,2025-12-22T01:33:23.389Z
light.nanoleaf_thread_1624,on,2025-12-22T01:33:30.409Z
light.nanoleaf_thread_1624,off,2025-12-22T01:34:36.302Z
light.nanoleaf_thread_1624,on,2025-12-22T01:39:28.873Z
light.nanoleaf_thread_1624,off,2025-12-22T01:50:01.069Z
light.nanoleaf_thread_1624,on,2025-12-22T01:51:04.343Z
light.nanoleaf_thread_1624,off,2025-12-22T01:56:25.310Z
light.nanoleaf_thread_1624,on,2025-12-22T02:01:09.324Z
light.nanoleaf_thread_1624,off,2025-12-22T02:03:16.585Z
light.nanoleaf_thread_1624,on,2025-12-22T02:03:27.608Z
light.nanoleaf_thread_1624,off,2025-12-22T02:07:04.313Z
light.nanoleaf_thread_1624,on,2025-12-22T02:08:24.318Z
light.nanoleaf_thread_1624,off,2025-12-22T02:09:06.422Z
light.nanoleaf_thread_1624,on,2025-12-22T02:12:24.340Z
light.nanoleaf_thread_1624,off,2025-12-22T02:15:34.311Z
light.nanoleaf_thread_1624,on,2025-12-22T02:22:45.312Z
light.nanoleaf_thread_1624,off,2025-12-22T02:27:52.912Z
light.nanoleaf_thread_1624,on,2025-12-22T02:37:28.349Z
light.nanoleaf_thread_1624,off,2025-12-22T02:40:58.315Z
light.nanoleaf_thread_1624,on,2025-12-22T02:41:23.341Z
light.nanoleaf_thread_1624,off,2025-12-22T02:43:48.306Z
light.nanoleaf_thread_1624,on,2025-12-22T02:45:20.498Z
light.nanoleaf_thread_1624,off,2025-12-22T02:49:42.002Z
light.nanoleaf_thread_1624,on,2025-12-22T02:51:44.317Z
light.nanoleaf_thread_1624,off,2025-12-22T02:51:50.317Z
light.nanoleaf_thread_1624,on,2025-12-22T02:52:40.351Z
light.nanoleaf_thread_1624,off,2025-12-22T02:54:25.318Z
light.nanoleaf_thread_1624,on,2025-12-22T02:54:31.320Z
light.nanoleaf_thread_1624,off,2025-12-22T02:56:38.589Z
light.nanoleaf_thread_1624,on,2025-12-22T03:02:56.328Z
light.nanoleaf_thread_1624,off,2025-12-22T03:09:24.068Z
light.nanoleaf_thread_1624,on,2025-12-22T03:10:23.318Z
light.nanoleaf_thread_1624,off,2025-12-22T03:15:03.314Z
light.nanoleaf_thread_1624,on,2025-12-22T03:16:24.318Z
light.nanoleaf_thread_1624,off,2025-12-22T03:18:40.302Z
light.nanoleaf_thread_1624,on,2025-12-22T03:24:29.323Z
light.nanoleaf_thread_1624,off,2025-12-22T03:28:29.314Z
light.nanoleaf_thread_1624,on,2025-12-22T03:32:19.335Z
light.nanoleaf_thread_1624,off,2025-12-22T03:36:07.298Z
light.nanoleaf_thread_1624,on,2025-12-22T03:49:31.340Z
light.hue_white_lamp_2,on,2025-12-21T15:56:39.292Z
light.hue_white_lamp_2,off,2025-12-21T15:57:13.278Z
light.hue_white_lamp_2,on,2025-12-21T16:03:19.278Z
light.hue_white_lamp_2,off,2025-12-21T16:07:07.294Z
light.hue_white_lamp_2,on,2025-12-21T16:08:37.288Z
light.hue_white_lamp_2,off,2025-12-21T16:08:42.283Z
light.hue_white_lamp_2,on,2025-12-21T16:10:25.277Z
light.hue_white_lamp_2,off,2025-12-21T16:10:50.280Z
light.hue_white_lamp_2,on,2025-12-21T16:12:52.274Z
light.hue_white_lamp_2,off,2025-12-21T16:25:04.277Z
light.hue_white_lamp_2,on,2025-12-21T16:27:41.281Z
light.hue_white_lamp_2,off,2025-12-21T16:34:57.283Z
light.hue_white_lamp_2,on,2025-12-21T16:36:39.289Z
light.hue_white_lamp_2,off,2025-12-21T16:39:40.318Z
light.hue_white_lamp_2,on,2025-12-21T16:42:22.285Z
light.hue_white_lamp_2,off,2025-12-21T16:44:34.283Z
light.hue_white_lamp_2,on,2025-12-21T16:51:35.293Z
light.hue_white_lamp_2,off,2025-12-21T17:00:05.295Z
light.hue_white_lamp_2,on,2025-12-21T17:19:34.280Z
light.hue_white_lamp_2,off,2025-12-21T17:22:38.302Z
light.hue_white_lamp_2,on,2025-12-21T17:24:03.280Z
light.hue_white_lamp_2,off,2025-12-21T17:36:22.284Z
light.hue_white_lamp_2,on,2025-12-21T17:37:08.282Z
light.hue_white_lamp_2,off,2025-12-21T17:37:31.281Z
light.hue_white_lamp_2,on,2025-12-21T17:41:18.279Z
light.hue_white_lamp_2,off,2025-12-21T17:42:58.290Z
light.hue_white_lamp_2,on,2025-12-21T17:50:57.282Z
light.hue_white_lamp_2,off,2025-12-21T17:52:28.281Z
light.hue_white_lamp_2,on,2025-12-21T17:54:39.293Z
light.hue_white_lamp_2,off,2025-12-21T17:56:01.281Z
light.hue_white_lamp_2,on,2025-12-21T17:59:06.283Z
light.hue_white_lamp_2,off,2025-12-21T18:00:44.285Z
light.hue_white_lamp_2,on,2025-12-21T18:02:24.275Z
light.hue_white_lamp_2,off,2025-12-21T18:03:20.279Z
light.hue_white_lamp_2,on,2025-12-21T18:08:45.283Z
light.hue_white_lamp_2,off,2025-12-21T18:12:16.277Z
light.hue_white_lamp_2,on,2025-12-21T18:16:47.277Z
light.hue_white_lamp_2,off,2025-12-21T18:18:21.277Z
light.hue_white_lamp_2,on,2025-12-21T18:22:16.274Z
light.hue_white_lamp_2,off,2025-12-21T18:30:38.281Z
light.hue_white_lamp_2,on,2025-12-21T18:49:09.275Z
light.hue_white_lamp_2,off,2025-12-21T18:50:51.291Z
light.hue_white_lamp_2,on,2025-12-21T18:52:41.280Z
light.hue_white_lamp_2,off,2025-12-21T18:55:29.281Z
light.hue_white_lamp_2,on,2025-12-21T18:56:56.282Z
light.hue_white_lamp_2,off,2025-12-21T18:58:06.285Z
light.hue_white_lamp_2,on,2025-12-21T19:00:41.284Z
light.hue_white_lamp_2,off,2025-12-21T19:13:36.282Z
light.hue_white_lamp_2,on,2025-12-21T19:17:58.276Z
light.hue_white_lamp_2,off,2025-12-21T19:18:42.284Z
light.hue_white_lamp_2,on,2025-12-21T19:23:41.624Z
light.hue_white_lamp_2,off,2025-12-21T19:30:20.282Z
light.hue_white_lamp_2,on,2025-12-21T19:32:21.285Z
light.hue_white_lamp_2,off,2025-12-21T19:37:42.277Z
light.hue_white_lamp_2,on,2025-12-21T19:38:58.291Z
light.hue_white_lamp_2,off,2025-12-21T19:39:21.282Z
light.hue_white_lamp_2,on,2025-12-21T19:47:46.278Z
light.hue_white_lamp_2,off,2025-12-21T19:52:46.620Z
light.hue_white_lamp_2,on,2025-12-21T19:54:45.288Z
light.hue_white_lamp_2,off,2025-12-21T19:58:04.281Z
light.hue_white_lamp_2,on,2025-12-21T20:00:28.274Z
light.hue_white_lamp_2,off,2025-12-21T20:03:52.294Z
light.hue_white_lamp_2,on,2025-12-21T20:10:06.277Z
light.hue_white_lamp_2,off,2025-12-21T20:12:40.278Z
light.hue_white_lamp_2,on,2025-12-21T20:14:52.282Z
light.hue_white_lamp_2,off,2025-12-21T20:14:55.282Z
light.hue_white_lamp_2,on,2025-12-21T20:26:21.295Z
light.hue_white_lamp_2,off,2025-12-21T20:31:30.281Z
light.hue_white_lamp_2,on,2025-12-21T20:32:24.284Z
light.hue_white_lamp_2,off,2025-12-21T20:42:05.291Z
light.hue_white_lamp_2,on,2025-12-21T20:46:38.280Z
light.hue_white_lamp_2,off,2025-12-21T20:47:04.287Z
light.hue_white_lamp_2,on,2025-12-21T20:52:15.362Z
light.hue_white_lamp_2,off,2025-12-21T20:53:44.289Z
light.hue_white_lamp_2,on,2025-12-21T20:54:13.286Z
light.hue_white_lamp_2,off,2025-12-21T20:56:04.280Z
light.hue_white_lamp_2,on,2025-12-21T20:59:51.286Z
light.hue_white_lamp_2,off,2025-12-21T21:05:55.283Z
light.hue_white_lamp_2,on,2025-12-21T21:07:59.281Z
light.hue_white_lamp_2,off,2025-12-21T21:12:35.282Z
light.hue_white_lamp_2,on,2025-12-21T21:14:07.283Z
light.hue_white_lamp_2,off,2025-12-21T21:16:02.283Z
light.hue_white_lamp_2,on,2025-12-21T21:47:09.286Z
light.hue_white_lamp_2,off,2025-12-21T21:53:03.288Z
light.hue_white_lamp_2,on,2025-12-21T21:54:11.284Z
light.hue_white_lamp_2,off,2025-12-21T21:55:41.283Z
light.hue_white_lamp_2,on,2025-12-21T21:58:52.275Z
light.hue_white_lamp_2,off,2025-12-21T22:01:11.294Z
light.hue_white_lamp_2,on,2025-12-21T22:05:25.288Z
light.hue_white_lamp_2,off,2025-12-21T22:07:05.279Z
light.hue_white_lamp_2,on,2025-12-21T22:10:45.283Z
light.hue_white_lamp_2,off,2025-12-21T22:12:36.283Z
light.hue_white_lamp_2,on,2025-12-21T22:13:57.282Z
light.hue_white_lamp_2,off,2025-12-21T22:17:44.283Z
light.hue_white_lamp_2,on,2025-12-21T22:18:03.279Z
light.hue_white_lamp_2,off,2025-12-21T22:20:55.285Z
light.hue_white_lamp_2,on,2025-12-21T22:27:33.280Z
light.hue_white_lamp_2,off,2025-12-21T22:27:49.282Z
light.hue_white_lamp_2,on,2025-12-21T22:33:39.275Z
light.hue_white_lamp_2,off,2025-12-21T22:35:21.285Z
light.hue_white_lamp_2,on,2025-12-21T22:41:03.283Z
light.hue_white_lamp_2,off,2025-12-21T22:42:29.280Z
light.hue_white_lamp_2,on,2025-12-21T22:58:19.297Z
light.hue_white_lamp_2,off,2025-12-21T23:00:42.281Z
light.hue_white_lamp_2,on,2025-12-21T23:04:50.279Z
light.hue_white_lamp_2,off,2025-12-21T23:07:56.280Z
light.hue_white_lamp_2,on,2025-12-21T23:08:40.279Z
light.hue_white_lamp_2,off,2025-12-21T23:10:34.278Z
light.hue_white_lamp_2,on,2025-12-21T23:13:51.283Z
light.hue_white_lamp_2,off,2025-12-21T23:15:55.283Z
light.hue_white_lamp_2,on,2025-12-21T23:16:48.276Z
light.hue_white_lamp_2,off,2025-12-21T23:18:20.277Z
light.hue_white_lamp_2,on,2025-12-21T23:28:28.280Z
light.hue_white_lamp_2,off,2025-12-21T23:28:59.292Z
light.hue_white_lamp_2,on,2025-12-21T23:32:45.282Z
light.hue_white_lamp_2,off,2025-12-21T23:33:34.279Z
light.hue_white_lamp_2,on,2025-12-21T23:34:09.281Z
light.hue_white_lamp_2,off,2025-12-21T23:35:54.281Z
light.hue_white_lamp_2,on,2025-12-21T23:36:31.282Z
light.hue_white_lamp_2,off,2025-12-21T23:37:07.281Z
light.hue_white_lamp_2,on,2025-12-21T23:42:26.282Z
light.hue_white_lamp_2,off,2025-12-21T23:45:43.283Z
light.hue_white_lamp_2,on,2025-12-21T23:49:01.286Z
light.hue_white_lamp_2,off,2025-12-21T23:49:25.285Z
light.hue_white_lamp_2,on,2025-12-21T23:51:17.281Z
light.hue_white_lamp_2,off,2025-12-21T23:53:02.293Z
light.hue_white_lamp_2,on,2025-12-21T23:53:56.281Z
light.hue_white_lamp_2,off,2025-12-22T00:07:06.279Z
light.hue_white_lamp_2,on,2025-12-22T00:16:15.282Z
light.hue_white_lamp_2,off,2025-12-22T00:20:42.282Z
light.hue_white_lamp_2,on,2025-12-22T00:29:48.281Z
light.hue_white_lamp_2,off,2025-12-22T00:33:50.285Z
light.hue_white_lamp_2,on,2025-12-22T00:34:04.287Z
light.hue_white_lamp_2,off,2025-12-22T00:36:37.283Z
light.hue_white_lamp_2,on,2025-12-22T00:37:03.295Z
light.hue_white_lamp_2,off,2025-12-22T00:49:49.278Z
light.hue_white_lamp_2,on,2025-12-22T00:52:29.281Z
light.hue_white_lamp_2,off,2025-12-22T01:01:18.280Z
light.hue_white_lamp_2,on,2025-12-22T01:03:49.294Z
light.hue_white_lamp_2,off,2025-12-22T01:06:51.280Z
light.hue_white_lamp_2,on,2025-12-22T01:08:59.279Z
light.hue_white_lamp_2,off,2025-12-22T01:11:03.287Z
light.hue_white_lamp_2,on,2025-12-22T01:18:03.282Z
light.hue_white_lamp_2,off,2025-12-22T01:22:08.275Z
light.hue_white_lamp_2,on,2025-12-22T01:24:39.283Z
light.hue_white_lamp_2,off,2025-12-22T01:25:04.301Z
light.hue_white_lamp_2,on,2025-12-22T01:25:42.282Z
light.hue_white_lamp_2,off,2025-12-22T01:29:04.288Z
light.hue_white_lamp_2,on,2025-12-22T01:31:57.305Z
light.hue_white_lamp_2,off,2025-12-22T01:32:43.288Z
light.hue_white_lamp_2,on,2025-12-22T01:34:23.298Z
light.hue_white_lamp_2,off,2025-12-22T01:36:26.284Z
light.hue_white_lamp_2,on,2025-12-22T01:44:51.281Z
light.hue_white_lamp_2,off,2025-12-22T01:46:15.283Z
light.hue_white_lamp_2,on,2025-12-22T01:46:46.281Z
light.hue_white_lamp_2,off,2025-12-22T01:47:06.278Z
light.hue_white_lamp_2,on,2025-12-22T01:57:56.281Z
light.hue_white_lamp_2,off,2025-12-22T02:04:46.301Z
light.hue_white_lamp_2,on,2025-12-22T02:07:00.296Z
light.hue_white_lamp_2,off,2025-12-22T02:08:27.295Z
light.hue_white_lamp_2,on,2025-12-22T02:11:45.279Z
light.hue_white_lamp_2,off,2025-12-22T02:13:30.288Z
light.hue_white_lamp_2,on,2025-12-22T02:14:30.947Z
light.hue_white_lamp_2,off,2025-12-22T02:15:21.280Z
light.hue_white_lamp_2,on,2025-12-22T02:19:06.278Z
light.hue_white_lamp_2,off,2025-12-22T02:20:35.292Z
light.hue_white_lamp_2,on,2025-12-22T02:24:49.289Z
light.hue_white_lamp_2,off,2025-12-22T02:27:07.281Z
light.hue_white_lamp_2,on,2025-12-22T02:30:15.281Z
light.hue_white_lamp_2,off,2025-12-22T02:31:57.285Z
light.hue_white_lamp_2,on,2025-12-22T02:40:30.283Z
light.hue_white_lamp_2,off,2025-12-22T02:42:55.281Z
light.hue_white_lamp_2,on,2025-12-22T02:45:48.275Z
light.hue_white_lamp_2,off,2025-12-22T02:46:20.287Z
light.hue_white_lamp_2,on,2025-12-22T02:49:06.285Z
light.hue_white_lamp_2,off,2025-12-22T02:51:53.279Z
light.hue_white_lamp_2,on,2025-12-22T02:53:43.279Z
light.hue_white_lamp_2,off,2025-12-22T02:55:03.279Z
light.hue_white_lamp_2,on,2025-12-22T03:01:26.285Z
light.hue_white_lamp_2,off,2025-12-22T03:06:11.283Z
light.hue_white_lamp_2,on,2025-12-22T03:09:14.307Z
light.hue_white_lamp_2,off,2025-12-22T03:10:45.284Z
light.hue_white_lamp_2,on,2025-12-22T03:13:02.298Z
light.hue_white_lamp_2,off,2025-12-22T03:14:25.278Z
light.hue_white_lamp_2,on,2025-12-22T03:15:08.292Z
light.hue_white_lamp_2,off,2025-12-22T03:15:39.289Z
light.hue_white_lamp_2,on,2025-12-22T03:16:28.296Z
light.hue_white_lamp_2,off,2025-12-22T03:21:39.284Z
light.hue_white_lamp_2,on,2025-12-22T03:24:56.280Z
light.hue_white_lamp_2,off,2025-12-22T03:25:02.277Z
light.hue_white_lamp_2,on,2025-12-22T03:26:22.294Z
light.hue_white_lamp_2,off,2025-12-22T03:35:27.288Z
light.hue_white_lamp_2,on,2025-12-22T03:37:40.294Z
light.hue_white_lamp_2,off,2025-12-22T03:39:46.280Z
light.hue_white_lamp_2,on,2025-12-22T03:42:02.298Z
light.hue_white_lamp_2,off,2025-12-22T03:46:41.281Z
light.hue_white_lamp_2,on,2025-12-22T03:47:44.280Z
light.hue_white_lamp_2,off,2025-12-22T03:49:56.280Z
light.hue_white_lamp,on,2025-12-21T15:51:35.858Z
light.hue_white_lamp,off,2025-12-21T16:02:09.277Z
light.hue_white_lamp,on,2025-12-21T16:10:07.284Z
light.hue_white_lamp,off,2025-12-21T16:18:23.293Z
light.hue_white_lamp,on,2025-12-21T16:18:36.293Z
light.hue_white_lamp,off,2025-12-21T16:22:26.282Z
light.hue_white_lamp,on,2025-12-21T16:24:41.283Z
light.hue_white_lamp,off,2025-12-21T16:26:45.284Z
light.hue_white_lamp,on,2025-12-21T16:30:37.281Z
light.hue_white_lamp,off,2025-12-21T16:36:55.286Z
light.hue_white_lamp,on,2025-12-21T16:39:33.277Z
light.hue_white_lamp,off,2025-12-21T16:40:48.281Z
light.hue_white_lamp,on,2025-12-21T16:48:27.282Z
light.hue_white_lamp,off,2025-12-21T16:54:17.282Z
light.hue_white_lamp,on,2025-12-21T16:59:56.276Z
light.hue_white_lamp,off,2025-12-21T17:00:26.278Z
light.hue_white_lamp,on,2025-12-21T17:03:53.285Z
light.hue_white_lamp,off,2025-12-21T17:11:11.285Z
light.hue_white_lamp,on,2025-12-21T17:13:05.291Z
light.hue_white_lamp,off,2025-12-21T17:15:27.292Z
light.hue_white_lamp,on,2025-12-21T17:16:59.279Z
light.hue_white_lamp,off,2025-12-21T17:17:36.278Z
light.hue_white_lamp,on,2025-12-21T17:18:34.287Z
light.hue_white_lamp,off,2025-12-21T17:30:44.274Z
light.hue_white_lamp,on,2025-12-21T17:32:09.289Z
light.hue_white_lamp,off,2025-12-21T17:32:37.275Z
light.hue_white_lamp,on,2025-12-21T17:37:46.282Z
light.hue_white_lamp,off,2025-12-21T17:44:20.281Z
light.hue_white_lamp,on,2025-12-21T17:45:29.306Z
light.hue_white_lamp,off,2025-12-21T17:47:24.282Z
light.hue_white_lamp,on,2025-12-21T17:55:26.301Z
light.hue_white_lamp,off,2025-12-21T17:58:24.278Z
light.hue_white_lamp,on,2025-12-21T17:59:35.283Z
light.hue_white_lamp,off,2025-12-21T18:01:04.278Z
light.hue_white_lamp,on,2025-12-21T18:03:06.277Z
light.hue_white_lamp,off,2025-12-21T18:04:12.276Z
light.hue_white_lamp,on,2025-12-21T18:05:53.310Z
light.hue_white_lamp,off,2025-12-21T18:10:22.281Z
light.hue_white_lamp,on,2025-12-21T18:16:37.284Z
light.hue_white_lamp,off,2025-12-21T18:22:33.285Z
light.hue_white_lamp,on,2025-12-21T18:26:40.285Z
light.hue_white_lamp,off,2025-12-21T18:28:13.292Z
light.hue_white_lamp,on,2025-12-21T18:31:50.282Z
light.hue_white_lamp,off,2025-12-21T18:38:19.282Z
light.hue_white_lamp,on,2025-12-21T18:40:44.283Z
light.hue_white_lamp,off,2025-12-21T18:41:45.596Z
light.hue_white_lamp,on,2025-12-21T18:44:49.281Z
light.hue_white_lamp,off,2025-12-21T18:47:21.284Z
light.hue_white_lamp,on,2025-12-21T19:00:58.281Z
light.hue_white_lamp,off,2025-12-21T19:02:31.288Z
light.hue_white_lamp,on,2025-12-21T19:17:36.285Z
light.hue_white_lamp,off,2025-12-21T19:20:38.282Z
light.hue_white_lamp,on,2025-12-21T19:20:48.286Z
light.hue_white_lamp,off,2025-12-21T19:21:39.287Z
light.hue_white_lamp,on,2025-12-21T19:33:23.280Z
light.hue_white_lamp,off,2025-12-21T19:33:51.279Z
light.hue_white_lamp,on,2025-12-21T19:33:58.282Z
light.hue_white_lamp,off,2025-12-21T19:34:27.311Z
light.hue_white_lamp,on,2025-12-21T19:36:05.278Z
light.hue_white_lamp,off,2025-12-21T19:39:09.281Z
light.hue_white_lamp,on,2025-12-21T19:40:10.286Z
light.hue_white_lamp,off,2025-12-21T19:44:53.282Z
light.hue_white_lamp,on,2025-12-21T19:45:49.278Z
light.hue_white_lamp,off,2025-12-21T19:46:55.290Z
light.hue_white_lamp,on,2025-12-21T19:49:11.277Z
light.hue_white_lamp,off,2025-12-21T19:52:59.281Z
light.hue_white_lamp,on,2025-12-21T19:57:08.285Z
light.hue_white_lamp,off,2025-12-21T19:59:21.281Z
light.hue_white_lamp,on,2025-12-21T20:00:56.279Z
light.hue_white_lamp,off,2025-12-21T20:09:02.280Z
light.hue_white_lamp,on,2025-12-21T20:15:47.307Z
light.hue_white_lamp,off,2025-12-21T20:23:37.278Z
light.hue_white_lamp,on,2025-12-21T20:25:25.291Z
light.hue_white_lamp,off,2025-12-21T20:26:51.306Z
light.hue_white_lamp,on,2025-12-21T20:38:33.279Z
light.hue_white_lamp,off,2025-12-21T20:44:19.290Z
light.hue_white_lamp,on,2025-12-21T20:49:40.283Z
light.hue_white_lamp,off,2025-12-21T20:51:10.281Z
light.hue_white_lamp,on,2025-12-21T21:00:13.314Z
light.hue_white_lamp,off,2025-12-21T21:02:39.291Z
light.hue_white_lamp,on,2025-12-21T21:03:52.279Z
light.hue_white_lamp,off,2025-12-21T21:13:12.298Z
light.hue_white_lamp,on,2025-12-21T21:20:11.322Z
light.hue_white_lamp,off,2025-12-21T21:20:40.281Z
light.hue_white_lamp,on,2025-12-21T21:22:44.300Z
light.hue_white_lamp,off,2025-12-21T21:34:57.285Z
light.hue_white_lamp,on,2025-12-21T21:36:38.294Z
light.hue_white_lamp,off,2025-12-21T21:37:17.282Z
light.hue_white_lamp,on,2025-12-21T21:42:36.283Z
light.hue_white_lamp,off,2025-12-21T21:42:54.281Z
light.hue_white_lamp,on,2025-12-21T21:48:14.309Z
light.hue_white_lamp,off,2025-12-21T21:56:20.277Z
light.hue_white_lamp,on,2025-12-21T21:56:27.283Z
light.hue_white_lamp,off,2025-12-21T22:05:59.282Z
light.hue_white_lamp,on,2025-12-21T22:13:05.281Z
light.hue_white_lamp,off,2025-12-21T22:16:33.278Z
light.hue_white_lamp,on,2025-12-21T22:17:47.279Z
light.hue_white_lamp,off,2025-12-21T22:18:45.286Z
light.hue_white_lamp,on,2025-12-21T22:26:01.291Z
light.hue_white_lamp,off,2025-12-21T22:28:52.290Z
light.hue_white_lamp,on,2025-12-21T22:31:18.324Z
light.hue_white_lamp,off,2025-12-21T22:32:59.277Z
light.hue_white_lamp,on,2025-12-21T22:33:43.290Z
light.hue_white_lamp,off,2025-12-21T22:36:05.283Z
light.hue_white_lamp,on,2025-12-21T22:39:18.276Z
light.hue_white_lamp,off,2025-12-21T22:39:19.279Z
light.hue_white_lamp,on,2025-12-21T22:54:46.283Z
light.hue_white_lamp,off,2025-12-21T23:01:41.285Z
light.hue_white_lamp,on,2025-12-21T23:02:39.287Z
light.hue_white_lamp,off,2025-12-21T23:04:18.287Z
light.hue_white_lamp,on,2025-12-21T23:05:47.291Z
light.hue_white_lamp,off,2025-12-21T23:10:28.281Z
light.hue_white_lamp,on,2025-12-21T23:11:00.311Z
light.hue_white_lamp,off,2025-12-21T23:12:40.281Z
light.hue_white_lamp,on,2025-12-21T23:20:06.280Z
light.hue_white_lamp,off,2025-12-21T23:22:00.284Z
light.hue_white_lamp,on,2025-12-21T23:22:39.279Z
light.hue_white_lamp,off,2025-12-21T23:31:25.290Z
light.hue_white_lamp,on,2025-12-21T23:31:26.281Z
light.hue_white_lamp,off,2025-12-21T23:39:19.289Z
light.hue_white_lamp,on,2025-12-21T23:41:05.280Z
light.hue_white_lamp,off,2025-12-21T23:46:26.285Z
light.hue_white_lamp,on,2025-12-21T23:46:41.278Z
light.hue_white_lamp,off,2025-12-21T23:48:04.279Z
light.hue_white_lamp,on,2025-12-21T23:48:38.287Z
light.hue_white_lamp,off,2025-12-21T23:52:11.280Z
light.hue_white_lamp,on,2025-12-21T23:56:39.286Z
light.hue_white_lamp,off,2025-12-22T00:00:20.286Z
light.hue_white_lamp,on,2025-12-22T00:04:28.310Z
light.hue_white_lamp,off,2025-12-22T00:05:50.282Z
light.hue_white_lamp,on,2025-12-22T00:08:16.281Z
light.hue_white_lamp,off,2025-12-22T00:09:12.292Z
light.hue_white_lamp,on,2025-12-22T00:10:11.282Z
light.hue_white_lamp,off,2025-12-22T00:14:36.277Z
light.hue_white_lamp,on,2025-12-22T00:21:07.280Z
light.hue_white_lamp,off,2025-12-22T00:21:35.287Z
light.hue_white_lamp,on,2025-12-22T00:22:53.291Z
light.hue_white_lamp,off,2025-12-22T00:23:05.287Z
light.hue_white_lamp,on,2025-12-22T00:23:14.294Z
light.hue_white_lamp,off,2025-12-22T00:27:34.295Z
light.hue_white_lamp,on,2025-12-22T00:27:35.291Z
light.hue_white_lamp,off,2025-12-22T00:27:44.281Z
light.hue_white_lamp,on,2025-12-22T00:30:39.291Z
light.hue_white_lamp,off,2025-12-22T00:31:52.282Z
light.hue_white_lamp,on,2025-12-22T00:40:03.278Z
light.hue_white_lamp,off,2025-12-22T00:44:08.286Z
light.hue_white_lamp,on,2025-12-22T00:47:45.291Z
light.hue_white_lamp,off,2025-12-22T00:49:36.284Z
light.hue_white_lamp,on,2025-12-22T00:52:18.279Z
light.hue_white_lamp,off,2025-12-22T00:52:47.277Z
light.hue_white_lamp,on,2025-12-22T01:09:52.287Z
light.hue_white_lamp,off,2025-12-22T01:10:16.283Z
light.hue_white_lamp,on,2025-12-22T01:16:10.275Z
light.hue_white_lamp,off,2025-12-22T01:28:04.285Z
light.hue_white_lamp,on,2025-12-22T01:28:49.277Z
light.hue_white_lamp,off,2025-12-22T01:31:07.296Z
light.hue_white_lamp,on,2025-12-22T01:32:16.290Z
light.hue_white_lamp,off,2025-12-22T01:34:27.279Z
light.hue_white_lamp,on,2025-12-22T01:35:49.274Z
light.hue_white_lamp,off,2025-12-22T01:37:56.285Z
light.hue_white_lamp,on,2025-12-22T01:40:07.277Z
light.hue_white_lamp,off,2025-12-22T01:41:55.282Z
light.hue_white_lamp,on,2025-12-22T01:43:15.280Z
light.hue_white_lamp,off,2025-12-22T01:43:36.281Z
light.hue_white_lamp,on,2025-12-22T01:46:21.305Z
light.hue_white_lamp,off,2025-12-22T01:48:11.295Z
light.hue_white_lamp,on,2025-12-22T01:49:08.302Z
light.hue_white_lamp,off,2025-12-22T01:54:14.284Z
light.hue_white_lamp,on,2025-12-22T01:56:18.283Z
light.hue_white_lamp,off,2025-12-22T01:56:34.288Z
light.hue_white_lamp,on,2025-12-22T01:58:01.293Z
light.hue_white_lamp,off,2025-12-22T01:58:30.280Z
light.hue_white_lamp,on,2025-12-22T01:59:32.280Z
light.hue_white_lamp,off,2025-12-22T02:00:51.283Z
light.hue_white_lamp,on,2025-12-22T02:02:54.290Z
light.hue_white_lamp,off,2025-12-22T02:03:40.276Z
light.hue_white_lamp,on,2025-12-22T02:05:16.281Z
light.hue_white_lamp,off,2025-12-22T02:17:19.280Z
light.hue_white_lamp,on,2025-12-22T02:20:00.281Z
light.hue_white_lamp,off,2025-12-22T02:24:19.282Z
light.hue_white_lamp,on,2025-12-22T02:25:28.275Z
light.hue_white_lamp,off,2025-12-22T02:26:58.279Z
light.hue_white_lamp,on,2025-12-22T02:27:43.291Z
light.hue_white_lamp,off,2025-12-22T02:33:16.364Z
light.hue_white_lamp,on,2025-12-22T02:38:39.289Z
light.hue_white_lamp,off,2025-12-22T02:39:02.282Z
light.hue_white_lamp,on,2025-12-22T02:47:20.298Z
light.hue_white_lamp,off,2025-12-22T02:48:38.284Z
light.hue_white_lamp,on,2025-12-22T02:50:01.298Z
light.hue_white_lamp,off,2025-12-22T02:55:55.279Z
light.hue_white_lamp,on,2025-12-22T03:01:30.282Z
light.hue_white_lamp,off,2025-12-22T03:05:14.287Z
light.hue_white_lamp,on,2025-12-22T03:14:03.283Z
light.hue_white_lamp,off,2025-12-22T03:17:26.275Z
light.hue_white_lamp,on,2025-12-22T03:34:11.294Z
light.hue_white_lamp,off,2025-12-22T03:34:39.283Z
light.hue_white_lamp,on,2025-12-22T03:36:20.282Z
light.hue_white_lamp,off,2025-12-22T03:39:20.285Z
light.hue_white_lamp,on,2025-12-22T03:39:27.311Z
light.hue_white_lamp,off,2025-12-22T03:40:24.278Z
light.hue_white_lamp,on,2025-12-22T03:43:27.282Z
binary_sensor.doorwindow_thread,on,2025-12-21T17:02:04.912Z
binary_sensor.doorwindow_thread,off,2025-12-21T17:02:17.461Z
binary_sensor.doorwindow_thread,on,2025-12-21T17:02:36.599Z
binary_sensor.doorwindow_thread,off,2025-12-21T17:02:40.530Z
binary_sensor.doorwindow_thread,on,2025-12-21T20:55:26.929Z
binary_sensor.doorwindow_thread,off,2025-12-21T20:55:28.487Z
binary_sensor.doorwindow_thread,on,2025-12-21T20:55:33.888Z
binary_sensor.doorwindow_thread,off,2025-12-21T20:55:37.049Z
binary_sensor.doorwindow_thread,on,2025-12-21T21:02:46.886Z
binary_sensor.doorwindow_thread,off,2025-12-21T21:02:48.877Z
binary_sensor.doorwindow_thread,on,2025-12-21T22:27:46.654Z
binary_sensor.doorwindow_thread,off,2025-12-21T22:27:48.795Z
binary_sensor.doorwindow_thread,on,2025-12-21T22:27:53.835Z
binary_sensor.doorwindow_thread,off,2025-12-21T22:27:55.853Z
binary_sensor.doorwindow_thread,on,2025-12-21T22:32:36.801Z
binary_sensor.doorwindow_thread,off,2025-12-21T22:32:41.600Z
binary_sensor.motion_thread,off,2025-12-21T15:54:42.110Z
binary_sensor.motion_thread,on,2025-12-21T17:00:02.634Z
binary_sensor.motion_thread,off,2025-12-21T17:01:02.649Z
binary_sensor.motion_thread,on,2025-12-21T17:01:12.731Z
binary_sensor.motion_thread,off,2025-12-21T17:03:52.855Z
binary_sensor.motion_thread,on,2025-12-21T19:43:12.248Z
binary_sensor.motion_thread,off,2025-12-21T19:45:41.032Z
binary_sensor.motion_thread,on,2025-12-21T19:46:05.607Z
binary_sensor.motion_thread,off,2025-12-21T19:47:05.621Z
binary_sensor.motion_thread,on,2025-12-21T20:55:16.303Z
binary_sensor.motion_thread,off,2025-12-21T21:09:32.979Z
binary_sensor.motion_thread,on,2025-12-21T21:09:42.294Z
binary_sensor.motion_thread,off,2025-12-21T21:10:42.308Z
binary_sensor.motion_thread,on,2025-12-21T21:12:15.444Z
binary_sensor.motion_thread,off,2025-12-21T21:14:27.240Z
binary_sensor.motion_thread,on,2025-12-21T22:11:34.602Z
binary_sensor.motion_thread,off,2025-12-21T22:12:34.627Z
binary_sensor.motion_thread,on,2025-12-21T22:14:02.185Z
binary_sensor.motion_thread,off,2025-12-21T22:15:02.207Z
binary_sensor.motion_thread,on,2025-12-21T22:25:21.401Z
binary_sensor.motion_thread,off,2025-12-21T22:26:52.997Z
binary_sensor.motion_thread,on,2025-12-21T22:27:09.873Z
binary_sensor.motion_thread,off,2025-12-21T22:28:09.876Z
binary_sensor.motion_thread,on,2025-12-21T22:28:17.999Z
binary_sensor.motion_thread,off,2025-12-21T22:30:02.394Z
binary_sensor.motion_thread,on,2025-12-21T22:31:48.118Z
binary_sensor.motion_thread,off,2025-12-21T22:33:50.651Z
binary_sensor.motion_thread,on,2025-12-22T01:34:15.288Z
binary_sensor.motion_thread,off,2025-12-22T01:35:15.295Z
binary_sensor.motion_thread,on,2025-12-22T01:36:30.915Z
binary_sensor.motion_thread,off,2025-12-22T01:37:30.915Z
binary_sensor.motion_thread,on,2025-12-22T01:38:41.745Z
binary_sensor.motion_thread,off,2025-12-22T01:40:35.717Z
